0,00000 0,00000 1,08231E+001
0,00100 0,00000 4,51997E+000
0,00200 0,00000 7,87181E+000
0,00300 0,00000 1,06836E+001
0,00400 0,00000 1,42695E+001
0,00500 0,00000 1,71374E+001
0,00600 0,00000 2,08222E+001
0,00700 0,00000 2,48007E+001
0,00800 0,00000 2,80374E+001
0,00900 0,00000 3,05202E+001
0,01000 0,00000 3,26422E+001
0,01100 0,00000 3,43553E+001
0,01200 0,00000 3,59690E+001
0,01300 0,00000 3,72412E+001
0,01400 0,00000 3,85565E+001
0,01500 0,00000 3,95399E+001
0,01600 0,00000 4,06673E+001
0,01700 0,00000 4,14484E+001
0,01800 0,00000 4,24460E+001
0,01900 0,00000 4,30812E+001
0,02000 0,00000 4,39767E+001
0,02100 0,00000 4,44947E+001
0,02200 0,00000 4,52692E+001
0,02300 0,00000 4,56584E+001
0,02400 0,00000 4,62728E+001
0,02500 0,00000 4,65443E+001
0,02600 0,00000 4,70084E+001
0,02700 0,00000 4,72191E+001
0,02800 0,00000 4,75687E+001
0,02900 0,00000 4,77676E+001
0,03000 0,00000 4,80233E+001
0,03100 0,00000 4,82321E+001
0,03200 0,00000 4,84032E+001
0,03300 0,00000 4,86284E+001
0,03400 0,00000 4,87233E+001
0,03500 0,00000 4,89660E+001
0,03600 0,00000 4,89935E+001
0,03700 0,00000 4,92533E+001
0,03800 0,00000 4,92209E+001
0,03900 0,00000 4,94985E+001
0,04000 0,00000 4,94119E+001
0,04100 0,00000 4,97102E+001
0,04200 0,00000 4,95737E+001
0,04300 0,00000 4,98966E+001
0,04400 0,00000 4,97152E+001
0,04500 0,00000 5,00652E+001
0,04600 0,00000 4,98442E+001
0,04700 0,00000 5,02211E+001
0,04800 0,00000 4,99662E+001
0,04900 0,00000 5,03675E+001
0,05000 0,00000 5,00828E+001
0,05100 0,00000 5,05057E+001
0,05200 0,00000 5,01941E+001
0,05300 0,00000 5,06363E+001
0,05400 0,00000 5,03003E+001
0,05500 0,00000 5,07581E+001
0,05600 0,00000 5,04038E+001
0,05700 0,00000 5,08677E+001
0,05800 0,00000 5,05112E+001
0,05900 0,00000 5,09565E+001
0,06000 0,00000 5,06364E+001
0,06100 0,00000 5,10046E+001
0,06200 0,00000 5,08100E+001
0,06300 0,00000 5,09695E+001
0,06400 0,00000 5,10907E+001
0,06500 0,00000 5,07747E+001
0,06600 0,00000 5,15736E+001
0,06700 0,00000 5,03110E+001
0,06800 0,00000 5,23732E+001
0,06900 0,00000 4,94744E+001
0,07000 0,00000 5,35616E+001
0,07100 0,00000 4,82500E+001
0,07200 0,00000 5,50778E+001
0,07300 0,00000 4,67759E+001
0,07400 0,00000 5,67426E+001
0,07500 0,00000 4,51876E+001
0,07600 0,00000 5,86040E+001
0,07700 0,00000 4,32627E+001
0,07800 0,00000 6,05988E+001
0,07900 0,00000 4,14508E+001
0,08000 0,00000 5,10049E+001
0,00000 0,00100 4,35528E+001
0,00100 0,00100 1,66439E+001
0,00200 0,00100 8,41404E+000
0,00300 0,00100 6,01130E+000
0,00400 0,00100 2,74097E+000
0,00500 0,00100 1,34107E+000
0,00600 0,00100 7,12235E-001
0,00700 0,00100 1,90259E-001
0,00800 0,00100 -3,10229E-001
0,00900 0,00100 -3,83815E-001
0,01000 0,00100 -7,40416E-001
0,01100 0,00100 -5,69788E-001
0,01200 0,00100 -9,24942E-001
0,01300 0,00100 -5,63086E-001
0,01400 0,00100 -9,65640E-001
0,01500 0,00100 -4,28643E-001
0,01600 0,00100 -9,02179E-001
0,01700 0,00100 -2,05939E-001
0,01800 0,00100 -7,56569E-001
0,01900 0,00100 7,69097E-002
0,02000 0,00100 -5,34722E-001
0,02100 0,00100 4,40741E-001
0,02200 0,00100 -1,23850E-001
0,02300 0,00100 1,06764E+000
0,02400 0,00100 6,75304E-001
0,02500 0,00100 2,05380E+000
0,02600 0,00100 1,80432E+000
0,02700 0,00100 3,20905E+000
0,02800 0,00100 3,01840E+000
0,02900 0,00100 4,32805E+000
0,03000 0,00100 4,17227E+000
0,03100 0,00100 5,34884E+000
0,03200 0,00100 5,23722E+000
0,03300 0,00100 6,28115E+000
0,03400 0,00100 6,21981E+000
0,03500 0,00100 7,14277E+000
0,03600 0,00100 7,13084E+000
0,03700 0,00100 7,94495E+000
0,03800 0,00100 7,98101E+000
0,03900 0,00100 8,69221E+000
0,04000 0,00100 8,77813E+000
0,04100 0,00100 9,38410E+000
0,04200 0,00100 9,52389E+000
0,04300 0,00100 1,00177E+001
0,04400 0,00100 1,02139E+001
0,04500 0,00100 1,05910E+001
0,04600 0,00100 1,08426E+001
0,04700 0,00100 1,11051E+001
0,04800 0,00100 1,14096E+001
0,04900 0,00100 1,15644E+001
0,05000 0,00100 1,19212E+001
0,05100 0,00100 1,19745E+001
0,05200 0,00100 1,23877E+001
0,05300 0,00100 1,23411E+001
0,05400 0,00100 1,28178E+001
0,05500 0,00100 1,26699E+001
0,05600 0,00100 1,32171E+001
0,05700 0,00100 1,29665E+001
0,05800 0,00100 1,35891E+001
0,05900 0,00100 1,32348E+001
0,06000 0,00100 1,39373E+001
0,06100 0,00100 1,34775E+001
0,06200 0,00100 1,42641E+001
0,06300 0,00100 1,36994E+001
0,06400 0,00100 1,45681E+001
0,06500 0,00100 1,39102E+001
0,06600 0,00100 1,48419E+001
0,06700 0,00100 1,41242E+001
0,06800 0,00100 1,50746E+001
0,06900 0,00100 1,43571E+001
0,07000 0,00100 1,52566E+001
0,07100 0,00100 1,46176E+001
0,07200 0,00100 1,53892E+001
0,07300 0,00100 1,48992E+001
0,07400 0,00100 1,54864E+001
0,07500 0,00100 1,51977E+001
0,07600 0,00100 1,55100E+001
0,07700 0,00100 1,54614E+001
0,07800 0,00100 1,61223E+001
0,07900 0,00100 1,46611E+001
0,08000 0,00100 5,60219E+001
0,00000 0,00200 1,02678E+001
0,00100 0,00200 3,20602E+001
0,00200 0,00200 2,00506E+001
0,00300 0,00200 9,53696E+000
0,00400 0,00200 1,14181E+001
0,00500 0,00200 8,99226E+000
0,00600 0,00200 8,40826E+000
0,00700 0,00200 6,18443E+000
0,00800 0,00200 6,54958E+000
0,00900 0,00200 4,74029E+000
0,01000 0,00200 5,30150E+000
0,01100 0,00200 3,75477E+000
0,01200 0,00200 4,42308E+000
0,01300 0,00200 3,04203E+000
0,01400 0,00200 3,77467E+000
0,01500 0,00200 2,50662E+000
0,01600 0,00200 3,27787E+000
0,01700 0,00200 2,09086E+000
0,01800 0,00200 2,88251E+000
0,01900 0,00200 1,75762E+000
0,02000 0,00200 2,55471E+000
0,02100 0,00200 1,47842E+000
0,02200 0,00200 2,25950E+000
0,02300 0,00200 1,21834E+000
0,02400 0,00200 1,96625E+000
0,02500 0,00200 9,67297E-001
0,02600 0,00200 1,68668E+000
0,02700 0,00200 7,53938E-001
0,02800 0,00200 1,45237E+000
0,02900 0,00200 6,01202E-001
0,03000 0,00200 1,27502E+000
0,03100 0,00200 5,08559E-001
0,03200 0,00200 1,14959E+000
0,03300 0,00200 4,66653E-001
0,03400 0,00200 1,06873E+000
0,03500 0,00200 4,68038E-001
0,03600 0,00200 1,02828E+000
0,03700 0,00200 5,10786E-001
0,03800 0,00200 1,03041E+000
0,03900 0,00200 6,02910E-001
0,04000 0,00200 1,08978E+000
0,04100 0,00200 7,68109E-001
0,04200 0,00200 1,23720E+000
0,04300 0,00200 1,04284E+000
0,04400 0,00200 1,50899E+000
0,04500 0,00200 1,45732E+000
0,04600 0,00200 1,92325E+000
0,04700 0,00200 2,01306E+000
0,04800 0,00200 2,46398E+000
0,04900 0,00200 2,67883E+000
0,05000 0,00200 3,08851E+000
0,05100 0,00200 3,40777E+000
0,05200 0,00200 3,74940E+000
0,05300 0,00200 4,15840E+000
0,05400 0,00200 4,41140E+000
0,05500 0,00200 4,90444E+000
0,05600 0,00200 5,05524E+000
0,05700 0,00200 5,63329E+000
0,05800 0,00200 5,67288E+000
0,05900 0,00200 6,34023E+000
0,06000 0,00200 6,26148E+000
0,06100 0,00200 7,02343E+000
0,06200 0,00200 6,81984E+000
0,06300 0,00200 7,68107E+000
0,06400 0,00200 7,34745E+000
0,06500 0,00200 8,31020E+000
0,06600 0,00200 7,84474E+000
0,06700 0,00200 8,90697E+000
0,06800 0,00200 8,31332E+000
0,06900 0,00200 9,46781E+000
0,07000 0,00200 8,75534E+000
0,07100 0,00200 9,99144E+000
0,07200 0,00200 9,17132E+000
0,07300 0,00200 1,04821E+001
0,07400 0,00200 9,56002E+000
0,07500 0,00200 1,09297E+001
0,07600 0,00200 1,00156E+001
0,07700 0,00200 1,15328E+001
0,07800 0,00200 8,83247E+000
0,07900 0,00200 1,81546E+001
0,08000 0,00200 4,75920E+001
0,00000 0,00300 3,71833E+001
0,00100 0,00300 2,02909E+001
0,00200 0,00300 2,49624E+001
0,00300 0,00300 2,40893E+001
0,00400 0,00300 1,24273E+001
0,00500 0,00300 5,29977E+000
0,00600 0,00300 7,44873E+000
0,00700 0,00300 4,49663E+000
0,00800 0,00300 5,83221E+000
0,00900 0,00300 3,52317E+000
0,01000 0,00300 5,05370E+000
0,01100 0,00300 2,97138E+000
0,01200 0,00300 4,58062E+000
0,01300 0,00300 2,62207E+000
0,01400 0,00300 4,26266E+000
0,01500 0,00300 2,37189E+000
0,01600 0,00300 4,02477E+000
0,01700 0,00300 2,17083E+000
0,01800 0,00300 3,82861E+000
0,01900 0,00300 1,99352E+000
0,02000 0,00300 3,65497E+000
0,02100 0,00300 1,82868E+000
0,02200 0,00300 3,49756E+000
0,02300 0,00300 1,67527E+000
0,02400 0,00300 3,35633E+000
0,02500 0,00300 1,53215E+000
0,02600 0,00300 3,22668E+000
0,02700 0,00300 1,39320E+000
0,02800 0,00300 3,10233E+000
0,02900 0,00300 1,25475E+000
0,03000 0,00300 2,98165E+000
0,03100 0,00300 1,11777E+000
0,03200 0,00300 2,86604E+000
0,03300 0,00300 9,84373E-001
0,03400 0,00300 2,75674E+000
0,03500 0,00300 8,55682E-001
0,03600 0,00300 2,65392E+000
0,03700 0,00300 7,31529E-001
0,03800 0,00300 2,55671E+000
0,03900 0,00300 6,10382E-001
0,04000 0,00300 2,46289E+000
0,04100 0,00300 4,89277E-001
0,04200 0,00300 2,36915E+000
0,04300 0,00300 3,64904E-001
0,04400 0,00300 2,27292E+000
0,04500 0,00300 2,36312E-001
0,04600 0,00300 2,17530E+000
0,04700 0,00300 1,07127E-001
0,04800 0,00300 2,08203E+000
0,04900 0,00300 -1,52220E-002
0,05000 0,00300 2,00131E+000
0,05100 0,00300 -1,22713E-001
0,05200 0,00300 1,94043E+000
0,05300 0,00300 -2,09395E-001
0,05400 0,00300 1,90415E+000
0,05500 0,00300 -2,71572E-001
0,05600 0,00300 1,89563E+000
0,05700 0,00300 -3,05966E-001
0,05800 0,00300 1,91870E+000
0,05900 0,00300 -3,07403E-001
0,06000 0,00300 1,97995E+000
0,06100 0,00300 -2,67471E-001
0,06200 0,00300 2,08907E+000
0,06300 0,00300 -1,75075E-001
0,06400 0,00300 2,25703E+000
0,06500 0,00300 -1,90153E-002
0,06600 0,00300 2,49260E+000
0,06700 0,00300 2,08321E-001
0,06800 0,00300 2,79886E+000
0,06900 0,00300 5,07925E-001
0,07000 0,00300 3,17137E+000
0,07100 0,00300 8,73027E-001
0,07200 0,00300 3,60106E+000
0,07300 0,00300 1,28540E+000
0,07400 0,00300 4,07521E+000
0,07500 0,00300 1,77195E+000
0,07600 0,00300 4,30528E+000
0,07700 0,00300 1,70529E+000
0,07800 0,00300 1,10165E+001
0,07900 0,00300 1,85546E+001
0,08000 0,00300 4,32067E+001
0,00000 0,00400 6,75214E+000
0,00100 0,00400 3,58219E+001
0,00200 0,00400 1,30782E+001
0,00300 0,00400 5,61244E+001
0,00400 0,00400 6,05436E+001
0,00500 0,00400 5,65300E+001
0,00600 0,00400 3,91033E+001
0,00700 0,00400 3,40538E+001
0,00800 0,00400 2,61633E+001
0,00900 0,00400 2,37893E+001
0,01000 0,00400 1,82805E+001
0,01100 0,00400 1,74288E+001
0,01200 0,00400 1,32152E+001
0,01300 0,00400 1,31778E+001
0,01400 0,00400 9,76383E+000
0,01500 0,00400 1,02113E+001
0,01600 0,00400 7,33328E+000
0,01700 0,00400 8,08618E+000
0,01800 0,00400 5,59185E+000
0,01900 0,00400 6,54223E+000
0,02000 0,00400 4,33651E+000
0,02100 0,00400 5,41350E+000
0,02200 0,00400 3,43271E+000
0,02300 0,00400 4,58605E+000
0,02400 0,00400 2,78585E+000
0,02500 0,00400 3,97873E+000
0,02600 0,00400 2,32818E+000
0,02700 0,00400 3,53273E+000
0,02800 0,00400 2,00976E+000
0,02900 0,00400 3,20358E+000
0,03000 0,00400 1,79224E+000
0,03100 0,00400 2,95689E+000
0,03200 0,00400 1,64622E+000
0,03300 0,00400 2,76664E+000
0,03400 0,00400 1,54986E+000
0,03500 0,00400 2,61373E+000
0,03600 0,00400 1,48741E+000
0,03700 0,00400 2,48458E+000
0,03800 0,00400 1,44788E+000
0,03900 0,00400 2,36994E+000
0,04000 0,00400 1,42399E+000
0,04100 0,00400 2,26387E+000
0,04200 0,00400 1,41121E+000
0,04300 0,00400 2,16276E+000
0,04400 0,00400 1,40672E+000
0,04500 0,00400 2,06408E+000
0,04600 0,00400 1,40823E+000
0,04700 0,00400 1,96559E+000
0,04800 0,00400 1,41349E+000
0,04900 0,00400 1,86511E+000
0,05000 0,00400 1,42039E+000
0,05100 0,00400 1,76097E+000
0,05200 0,00400 1,42746E+000
0,05300 0,00400 1,65234E+000
0,05400 0,00400 1,43398E+000
0,05500 0,00400 1,53910E+000
0,05600 0,00400 1,43980E+000
0,05700 0,00400 1,42151E+000
0,05800 0,00400 1,44483E+000
0,05900 0,00400 1,29979E+000
0,06000 0,00400 1,44879E+000
0,06100 0,00400 1,17399E+000
0,06200 0,00400 1,45127E+000
0,06300 0,00400 1,04418E+000
0,06400 0,00400 1,45203E+000
0,06500 0,00400 9,10789E-001
0,06600 0,00400 1,45150E+000
0,06700 0,00400 7,75116E-001
0,06800 0,00400 1,45117E+000
0,06900 0,00400 6,39442E-001
0,07000 0,00400 1,45398E+000
0,07100 0,00400 5,07376E-001
0,07200 0,00400 1,45805E+000
0,07300 0,00400 3,99862E-001
0,07400 0,00400 1,46225E+000
0,07500 0,00400 1,84491E-001
0,07600 0,00400 2,34405E+000
0,07700 0,00400 1,92851E+000
0,07800 0,00400 1,02931E+001
0,07900 0,00400 1,96724E+001
0,08000 0,00400 3,83600E+001
0,00000 0,00500 3,85311E+001
0,00100 0,00500 1,67446E+001
0,00200 0,00500 3,27646E+001
0,00300 0,00500 6,95352E+000
0,00400 0,00500 2,26719E+002
0,00500 0,00500 1,49659E+002
0,00600 0,00500 1,30733E+002
0,00700 0,00500 1,08875E+002
0,00800 0,00500 9,03973E+001
0,00900 0,00500 7,92130E+001
0,01000 0,00500 6,71360E+001
0,01100 0,00500 6,03151E+001
0,01200 0,00500 5,16145E+001
0,01300 0,00500 4,73040E+001
0,01400 0,00500 4,05930E+001
0,01500 0,00500 3,78403E+001
0,01600 0,00500 3,24129E+001
0,01700 0,00500 3,06958E+001
0,01800 0,00500 2,61496E+001
0,01900 0,00500 2,51575E+001
0,02000 0,00500 2,12468E+001
0,02100 0,00500 2,07823E+001
0,02200 0,00500 1,73487E+001
0,02300 0,00500 1,72790E+001
0,02400 0,00500 1,42155E+001
0,02500 0,00500 1,44471E+001
0,02600 0,00500 1,16784E+001
0,02700 0,00500 1,21419E+001
0,02800 0,00500 9,61338E+000
0,02900 0,00500 1,02562E+001
0,03000 0,00500 7,92752E+000
0,03100 0,00500 8,70865E+000
0,03200 0,00500 6,54912E+000
0,03300 0,00500 7,43575E+000
0,03400 0,00500 5,42201E+000
0,03500 0,00500 6,38765E+000
0,03600 0,00500 4,50161E+000
0,03700 0,00500 5,52458E+000
0,03800 0,00500 3,75217E+000
0,03900 0,00500 4,81457E+000
0,04000 0,00500 3,14471E+000
0,04100 0,00500 4,23163E+000
0,04200 0,00500 2,65544E+000
0,04300 0,00500 3,75434E+000
0,04400 0,00500 2,26460E+000
0,04500 0,00500 3,36492E+000
0,04600 0,00500 1,95563E+000
0,04700 0,00500 3,04847E+000
0,04800 0,00500 1,71453E+000
0,04900 0,00500 2,79241E+000
0,05000 0,00500 1,52930E+000
0,05100 0,00500 2,58585E+000
0,05200 0,00500 1,38950E+000
0,05300 0,00500 2,41936E+000
0,05400 0,00500 1,28599E+000
0,05500 0,00500 2,28475E+000
0,05600 0,00500 1,21087E+000
0,05700 0,00500 2,17503E+000
0,05800 0,00500 1,15748E+000
0,05900 0,00500 2,08444E+000
0,06000 0,00500 1,12034E+000
0,06100 0,00500 2,00833E+000
0,06200 0,00500 1,09508E+000
0,06300 0,00500 1,94301E+000
0,06400 0,00500 1,07818E+000
0,06500 0,00500 1,88555E+000
0,06600 0,00500 1,06682E+000
0,06700 0,00500 1,83359E+000
0,06800 0,00500 1,05870E+000
0,06900 0,00500 1,78551E+000
0,07000 0,00500 1,05063E+000
0,07100 0,00500 1,73931E+000
0,07200 0,00500 1,05849E+000
0,07300 0,00500 1,63878E+000
0,07400 0,00500 1,09631E+000
0,07500 0,00500 1,94057E+000
0,07600 0,00500 -1,73297E+000
0,07700 0,00500 4,28680E+000
0,07800 0,00500 1,08905E+001
0,07900 0,00500 2,05964E+001
0,08000 0,00500 3,30800E+001
0,00000 0,00600 1,50165E+001
0,00100 0,00600 3,14650E+001
0,00200 0,00600 1,94414E+001
0,00300 0,00600 4,32171E+001
0,00400 0,00600 1,26848E+002
0,00500 0,00600 3,28016E+002
0,00600 0,00600 2,27333E+002
0,00700 0,00600 1,98991E+002
0,00800 0,00600 1,69589E+002
0,00900 0,00600 1,50768E+002
0,01000 0,00600 1,31259E+002
0,01100 0,00600 1,19939E+002
0,01200 0,00600 1,05672E+002
0,01300 0,00600 9,83969E+001
0,01400 0,00600 8,72651E+001
0,01500 0,00600 8,24999E+001
0,01600 0,00600 7,33556E+001
0,01700 0,00600 7,02670E+001
0,01800 0,00600 6,24524E+001
0,01900 0,00600 6,05490E+001
0,02000 0,00600 5,36599E+001
0,02100 0,00600 5,26342E+001
0,02200 0,00600 4,64081E+001
0,02300 0,00600 4,60585E+001
0,02400 0,00600 4,03175E+001
0,02500 0,00600 4,05070E+001
0,02600 0,00600 3,51263E+001
0,02700 0,00600 3,57587E+001
0,02800 0,00600 3,06483E+001
0,02900 0,00600 3,16546E+001
0,03000 0,00600 2,67477E+001
0,03100 0,00600 2,80774E+001
0,03200 0,00600 2,33236E+001
0,03300 0,00600 2,49391E+001
0,03400 0,00600 2,02997E+001
0,03500 0,00600 2,21725E+001
0,03600 0,00600 1,76173E+001
0,03700 0,00600 1,97257E+001
0,03800 0,00600 1,52310E+001
0,03900 0,00600 1,75579E+001
0,04000 0,00600 1,31048E+001
0,04100 0,00600 1,56368E+001
0,04200 0,00600 1,12101E+001
0,04300 0,00600 1,39363E+001
0,04400 0,00600 9,52339E+000
0,04500 0,00600 1,24344E+001
0,04600 0,00600 8,02501E+000
0,04700 0,00600 1,11128E+001
0,04800 0,00600 6,69804E+000
0,04900 0,00600 9,95511E+000
0,05000 0,00600 5,52743E+000
0,05100 0,00600 8,94667E+000
0,05200 0,00600 4,49942E+000
0,05300 0,00600 8,07386E+000
0,05400 0,00600 3,60118E+000
0,05500 0,00600 7,32383E+000
0,05600 0,00600 2,82053E+000
0,05700 0,00600 6,68430E+000
0,05800 0,00600 2,14583E+000
0,05900 0,00600 6,14352E+000
0,06000 0,00600 1,56591E+000
0,06100 0,00600 5,69023E+000
0,06200 0,00600 1,07015E+000
0,06300 0,00600 5,31376E+000
0,06400 0,00600 6,48530E-001
0,06500 0,00600 5,00410E+000
0,06600 0,00600 2,91728E-001
0,06700 0,00600 4,75201E+000
0,06800 0,00600 -8,82822E-003
0,06900 0,00600 4,54778E+000
0,07000 0,00600 -2,56671E-001
0,07100 0,00600 4,38498E+000
0,07200 0,00600 -5,18095E-001
0,07300 0,00600 4,44240E+000
0,07400 0,00600 -8,48259E-001
0,07500 0,00600 3,19628E+000
0,07600 0,00600 1,65278E+000
0,07700 0,00600 2,45049E+000
0,07800 0,00600 1,09199E+001
0,07900 0,00600 2,12255E+001
0,08000 0,00600 2,85965E+001
0,00000 0,00700 3,23764E+001
0,00100 0,00700 2,02778E+001
0,00200 0,00700 2,69725E+001
0,00300 0,00700 2,39714E+001
0,00400 0,00700 2,07527E+002
0,00500 0,00700 2,75950E+002
0,00600 0,00700 3,01605E+002
0,00700 0,00700 2,34476E+002
0,00800 0,00700 2,13499E+002
0,00900 0,00700 1,81230E+002
0,01000 0,00700 1,71653E+002
0,01100 0,00700 1,46779E+002
0,01200 0,00700 1,42918E+002
0,01300 0,00700 1,22910E+002
0,01400 0,00700 1,22140E+002
0,01500 0,00700 1,05208E+002
0,01600 0,00700 1,06351E+002
0,01700 0,00700 9,14962E+001
0,01800 0,00700 9,38894E+001
0,01900 0,00700 8,05121E+001
0,02000 0,00700 8,37605E+001
0,02100 0,00700 7,14776E+001
0,02200 0,00700 7,53313E+001
0,02300 0,00700 6,38867E+001
0,02400 0,00700 6,81817E+001
0,02500 0,00700 5,73969E+001
0,02600 0,00700 6,20220E+001
0,02700 0,00700 5,17687E+001
0,02800 0,00700 5,66463E+001
0,02900 0,00700 4,68293E+001
0,03000 0,00700 5,19041E+001
0,03100 0,00700 4,24511E+001
0,03200 0,00700 4,76832E+001
0,03300 0,00700 3,85377E+001
0,03400 0,00700 4,38974E+001
0,03500 0,00700 3,50148E+001
0,03600 0,00700 4,04801E+001
0,03700 0,00700 3,18241E+001
0,03800 0,00700 3,73781E+001
0,03900 0,00700 2,89189E+001
0,04000 0,00700 3,45489E+001
0,04100 0,00700 2,62616E+001
0,04200 0,00700 3,19578E+001
0,04300 0,00700 2,38211E+001
0,04400 0,00700 2,95762E+001
0,04500 0,00700 2,15720E+001
0,04600 0,00700 2,73803E+001
0,04700 0,00700 1,94930E+001
0,04800 0,00700 2,53503E+001
0,04900 0,00700 1,75664E+001
0,05000 0,00700 2,34698E+001
0,05100 0,00700 1,57774E+001
0,05200 0,00700 2,17250E+001
0,05300 0,00700 1,41135E+001
0,05400 0,00700 2,01042E+001
0,05500 0,00700 1,25645E+001
0,05600 0,00700 1,85979E+001
0,05700 0,00700 1,11220E+001
0,05800 0,00700 1,71982E+001
0,05900 0,00700 9,77882E+000
0,06000 0,00700 1,58986E+001
0,06100 0,00700 8,52941E+000
0,06200 0,00700 1,46938E+001
0,06300 0,00700 7,36907E+000
0,06400 0,00700 1,35793E+001
0,06500 0,00700 6,29398E+000
0,06600 0,00700 1,25517E+001
0,06700 0,00700 5,30076E+000
0,06800 0,00700 1,16076E+001
0,06900 0,00700 4,39096E+000
0,07000 0,00700 1,07297E+001
0,07100 0,00700 3,55757E+000
0,07200 0,00700 1,01201E+001
0,07300 0,00700 2,15903E+000
0,07400 0,00700 9,93279E+000
0,07500 0,00700 -1,09410E+000
0,07600 0,00700 -6,98798E-001
0,07700 0,00700 4,35629E+000
0,07800 0,00700 1,17759E+001
0,07900 0,00700 2,16571E+001
0,08000 0,00700 2,62477E+001
0,00000 0,00800 1,74910E+001
0,00100 0,00800 3,05235E+001
0,00200 0,00800 2,01459E+001
0,00300 0,00800 4,46635E+001
0,00400 0,00800 1,50924E+002
0,00500 0,00800 3,15185E+002
0,00600 0,00800 3,26206E+002
0,00700 0,00800 2,37545E+002
0,00800 0,00800 1,99355E+002
0,00900 0,00800 1,86244E+002
0,01000 0,00800 1,56599E+002
0,01100 0,00800 1,54408E+002
0,01200 0,00800 1,29962E+002
0,01300 0,00800 1,31607E+002
0,01400 0,00800 1,10994E+002
0,01500 0,00800 1,14878E+002
0,01600 0,00800 9,67786E+001
0,01700 0,00800 1,02076E+002
0,01800 0,00800 8,57257E+001
0,01900 0,00800 9,19608E+001
0,02000 0,00800 7,68785E+001
0,02100 0,00800 8,37590E+001
0,02200 0,00800 6,96269E+001
0,02300 0,00800 7,69649E+001
0,02400 0,00800 6,35628E+001
0,02500 0,00800 7,12331E+001
0,02600 0,00800 5,84031E+001
0,02700 0,00800 6,63195E+001
0,02800 0,00800 5,39446E+001
0,02900 0,00800 6,20466E+001
0,03000 0,00800 5,00382E+001
0,03100 0,00800 5,82822E+001
0,03200 0,00800 4,65715E+001
0,03300 0,00800 5,49263E+001
0,03400 0,00800 4,34592E+001
0,03500 0,00800 5,19016E+001
0,03600 0,00800 4,06349E+001
0,03700 0,00800 4,91480E+001
0,03800 0,00800 3,80468E+001
0,03900 0,00800 4,66186E+001
0,04000 0,00800 3,56543E+001
0,04100 0,00800 4,42761E+001
0,04200 0,00800 3,34253E+001
0,04300 0,00800 4,20911E+001
0,04400 0,00800 3,13346E+001
0,04500 0,00800 4,00405E+001
0,04600 0,00800 2,93621E+001
0,04700 0,00800 3,81059E+001
0,04800 0,00800 2,74923E+001
0,04900 0,00800 3,62730E+001
0,05000 0,00800 2,57128E+001
0,05100 0,00800 3,45304E+001
0,05200 0,00800 2,40141E+001
0,05300 0,00800 3,28694E+001
0,05400 0,00800 2,23888E+001
0,05500 0,00800 3,12830E+001
0,05600 0,00800 2,08311E+001
0,05700 0,00800 2,97658E+001
0,05800 0,00800 1,93364E+001
0,05900 0,00800 2,83136E+001
0,06000 0,00800 1,79012E+001
0,06100 0,00800 2,69229E+001
0,06200 0,00800 1,65226E+001
0,06300 0,00800 2,55909E+001
0,06400 0,00800 1,51981E+001
0,06500 0,00800 2,43153E+001
0,06600 0,00800 1,39258E+001
0,06700 0,00800 2,30944E+001
0,06800 0,00800 1,27039E+001
0,06900 0,00800 2,19114E+001
0,07000 0,00800 1,15816E+001
0,07100 0,00800 2,07804E+001
0,07200 0,00800 9,84195E+000
0,07300 0,00800 2,19239E+001
0,07400 0,00800 3,18911E-001
0,07500 0,00800 3,10548E+000
0,07600 0,00800 1,77480E+000
0,07700 0,00800 2,74024E+000
0,07800 0,00800 1,17810E+001
0,07900 0,00800 2,19170E+001
0,08000 0,00800 2,56846E+001
0,00000 0,00900 3,05299E+001
0,00100 0,00900 2,10233E+001
0,00200 0,00900 2,58547E+001
0,00300 0,00900 3,10046E+001
0,00400 0,00900 2,20092E+002
0,00500 0,00900 2,88918E+002
0,00600 0,00900 2,95029E+002
0,00700 0,00900 2,87035E+002
0,00800 0,00900 1,94275E+002
0,00900 0,00900 1,70903E+002
0,01000 0,00900 1,65260E+002
0,01100 0,00900 1,36332E+002
0,01200 0,00900 1,39163E+002
0,01300 0,00900 1,14874E+002
0,01400 0,00900 1,20243E+002
0,01500 0,00900 9,90798E+001
0,01600 0,00900 1,05970E+002
0,01700 0,00900 8,69771E+001
0,01800 0,00900 9,48161E+001
0,01900 0,00900 7,74051E+001
0,02000 0,00900 8,58573E+001
0,02100 0,00900 6,96479E+001
0,02200 0,00900 7,85042E+001
0,02300 0,00900 6,32376E+001
0,02400 0,00900 7,23623E+001
0,02500 0,00900 5,78555E+001
0,02600 0,00900 6,71574E+001
0,02700 0,00900 5,32766E+001
0,02800 0,00900 6,26924E+001
0,02900 0,00900 4,93373E+001
0,03000 0,00900 5,88222E+001
0,03100 0,00900 4,59154E+001
0,03200 0,00900 5,54370E+001
0,03300 0,00900 4,29180E+001
0,03400 0,00900 5,24520E+001
0,03500 0,00900 4,02726E+001
0,03600 0,00900 4,98008E+001
0,03700 0,00900 3,79218E+001
0,03800 0,00900 4,74301E+001
0,03900 0,00900 3,58195E+001
0,04000 0,00900 4,52966E+001
0,04100 0,00900 3,39279E+001
0,04200 0,00900 4,33647E+001
0,04300 0,00900 3,22157E+001
0,04400 0,00900 4,16047E+001
0,04500 0,00900 3,06566E+001
0,04600 0,00900 3,99914E+001
0,04700 0,00900 2,92283E+001
0,04800 0,00900 3,85035E+001
0,04900 0,00900 2,79118E+001
0,05000 0,00900 3,71225E+001
0,05100 0,00900 2,66904E+001
0,05200 0,00900 3,58323E+001
0,05300 0,00900 2,55499E+001
0,05400 0,00900 3,46191E+001
0,05500 0,00900 2,44778E+001
0,05600 0,00900 3,34708E+001
0,05700 0,00900 2,34632E+001
0,05800 0,00900 3,23768E+001
0,05900 0,00900 2,24968E+001
0,06000 0,00900 3,13280E+001
0,06100 0,00900 2,15703E+001
0,06200 0,00900 3,03164E+001
0,06300 0,00900 2,06768E+001
0,06400 0,00900 2,93354E+001
0,06500 0,00900 1,98105E+001
0,06600 0,00900 2,83793E+001
0,06700 0,00900 1,89647E+001
0,06800 0,00900 2,74439E+001
0,06900 0,00900 1,81896E+001
0,07000 0,00900 2,63470E+001
0,07100 0,00900 1,74246E+001
0,07200 0,00900 2,76054E+001
0,07300 0,00900 1,08092E+001
0,07400 0,00900 8,03048E+000
0,07500 0,00900 -6,85777E-001
0,07600 0,00900 -7,82797E-001
0,07700 0,00900 4,79484E+000
0,07800 0,00900 1,26453E+001
0,07900 0,00900 2,21262E+001
0,08000 0,00900 2,57220E+001
0,00000 0,01000 1,87661E+001
0,00100 0,01000 3,03430E+001
0,00200 0,01000 1,95149E+001
0,00300 0,01000 5,06876E+001
0,00400 0,01000 1,67299E+002
0,00500 0,01000 3,25063E+002
0,00600 0,01000 3,26892E+002
0,00700 0,01000 2,36344E+002
0,00800 0,01000 2,39095E+002
0,00900 0,01000 1,27255E+002
0,01000 0,01000 1,24434E+002
0,01100 0,01000 1,18217E+002
0,01200 0,01000 1,05765E+002
0,01300 0,01000 1,02735E+002
0,01400 0,01000 9,28571E+001
0,01500 0,01000 9,12381E+001
0,01600 0,01000 8,30678E+001
0,01700 0,01000 8,22728E+001
0,01800 0,01000 7,53439E+001
0,01900 0,01000 7,50542E+001
0,02000 0,01000 6,90626E+001
0,02100 0,01000 6,90836E+001
0,02200 0,01000 6,38301E+001
0,02300 0,01000 6,40370E+001
0,02400 0,01000 5,93852E+001
0,02500 0,01000 5,96950E+001
0,02600 0,01000 5,55479E+001
0,02700 0,01000 5,59042E+001
0,02800 0,01000 5,21909E+001
0,02900 0,01000 5,25543E+001
0,03000 0,01000 4,92214E+001
0,03100 0,01000 4,95639E+001
0,03200 0,01000 4,65705E+001
0,03300 0,01000 4,68721E+001
0,03400 0,01000 4,41861E+001
0,03500 0,01000 4,44322E+001
0,03600 0,01000 4,20280E+001
0,03700 0,01000 4,22079E+001
0,03800 0,01000 4,00646E+001
0,03900 0,01000 4,01703E+001
0,04000 0,01000 3,82708E+001
0,04100 0,01000 3,82966E+001
0,04200 0,01000 3,66262E+001
0,04300 0,01000 3,65677E+001
0,04400 0,01000 3,51143E+001
0,04500 0,01000 3,49682E+001
0,04600 0,01000 3,37211E+001
0,04700 0,01000 3,34849E+001
0,04800 0,01000 3,24347E+001
0,04900 0,01000 3,21066E+001
0,05000 0,01000 3,12451E+001
0,05100 0,01000 3,08237E+001
0,05200 0,01000 3,01432E+001
0,05300 0,01000 2,96275E+001
0,05400 0,01000 2,91213E+001
0,05500 0,01000 2,85105E+001
0,05600 0,01000 2,81723E+001
0,05700 0,01000 2,74657E+001
0,05800 0,01000 2,72896E+001
0,05900 0,01000 2,64868E+001
0,06000 0,01000 2,64674E+001
0,06100 0,01000 2,55679E+001
0,06200 0,01000 2,57001E+001
0,06300 0,01000 2,47036E+001
0,06400 0,01000 2,49823E+001
0,06500 0,01000 2,38884E+001
0,06600 0,01000 2,43096E+001
0,06700 0,01000 2,31238E+001
0,06800 0,01000 2,36753E+001
0,06900 0,01000 2,22130E+001
0,07000 0,01000 2,37062E+001
0,07100 0,01000 2,13618E+001
0,07200 0,01000 2,25653E+001
0,07300 0,01000 1,92892E+001
0,07400 0,01000 3,53405E-001
0,07500 0,01000 3,00298E+000
0,07600 0,01000 1,92387E+000
0,07700 0,01000 3,05868E+000
0,07800 0,01000 1,26626E+001
0,07900 0,01000 2,23821E+001
0,08000 0,01000 2,57670E+001
0,00000 0,01100 2,90084E+001
0,00100 0,01100 2,16563E+001
0,00200 0,01100 2,47925E+001
0,00300 0,01100 3,93967E+001
0,00400 0,01100 2,33775E+002
0,00500 0,01100 2,98576E+002
0,00600 0,01100 2,97058E+002
0,00700 0,01100 2,83865E+002
0,00800 0,01100 2,02374E+002
0,00900 0,01100 1,49990E+002
0,01000 0,01100 6,25479E+001
0,01100 0,01100 6,76525E+001
0,01200 0,01100 5,71314E+001
0,01300 0,01100 6,05593E+001
0,01400 0,01100 5,13346E+001
0,01500 0,01100 5,52852E+001
0,01600 0,01100 4,69932E+001
0,01700 0,01100 5,13480E+001
0,01800 0,01100 4,36498E+001
0,01900 0,01100 4,82667E+001
0,02000 0,01100 4,10002E+001
0,02100 0,01100 4,57890E+001
0,02200 0,01100 3,88456E+001
0,02300 0,01100 4,37487E+001
0,02400 0,01100 3,70532E+001
0,02500 0,01100 4,20322E+001
0,02600 0,01100 3,55309E+001
0,02700 0,01100 4,05596E+001
0,02800 0,01100 3,42129E+001
0,02900 0,01100 3,92728E+001
0,03000 0,01100 3,30512E+001
0,03100 0,01100 3,81290E+001
0,03200 0,01100 3,20099E+001
0,03300 0,01100 3,70957E+001
0,03400 0,01100 3,10619E+001
0,03500 0,01100 3,61485E+001
0,03600 0,01100 3,01864E+001
0,03700 0,01100 3,52684E+001
0,03800 0,01100 2,93675E+001
0,03900 0,01100 3,44409E+001
0,04000 0,01100 2,85930E+001
0,04100 0,01100 3,36546E+001
0,04200 0,01100 2,78535E+001
0,04300 0,01100 3,29010E+001
0,04400 0,01100 2,71417E+001
0,04500 0,01100 3,21734E+001
0,04600 0,01100 2,64523E+001
0,04700 0,01100 3,14669E+001
0,04800 0,01100 2,57813E+001
0,04900 0,01100 3,07778E+001
0,05000 0,01100 2,51259E+001
0,05100 0,01100 3,01037E+001
0,05200 0,01100 2,44841E+001
0,05300 0,01100 2,94428E+001
0,05400 0,01100 2,38548E+001
0,05500 0,01100 2,87940E+001
0,05600 0,01100 2,32375E+001
0,05700 0,01100 2,81568E+001
0,05800 0,01100 2,26318E+001
0,05900 0,01100 2,75313E+001
0,06000 0,01100 2,20381E+001
0,06100 0,01100 2,69175E+001
0,06200 0,01100 2,14568E+001
0,06300 0,01100 2,63158E+001
0,06400 0,01100 2,08884E+001
0,06500 0,01100 2,57279E+001
0,06600 0,01100 2,03324E+001
0,06700 0,01100 2,51315E+001
0,06800 0,01100 1,97962E+001
0,06900 0,01100 2,52118E+001
0,07000 0,01100 1,70368E+001
0,07100 0,01100 2,90334E+001
0,07200 0,01100 2,46038E+001
0,07300 0,01100 1,07488E+001
0,07400 0,01100 7,45241E+000
0,07500 0,01100 -6,56975E-001
0,07600 0,01100 -7,30546E-001
0,07700 0,01100 5,24995E+000
0,07800 0,01100 1,34891E+001
0,07900 0,01100 2,26152E+001
0,08000 0,01100 2,57636E+001
0,00000 0,01200 1,97341E+001
0,00100 0,01200 3,02312E+001
0,00200 0,01200 1,87547E+001
0,00300 0,01200 5,86621E+001
0,00400 0,01200 1,83620E+002
0,00500 0,01200 3,34758E+002
0,00600 0,01200 3,26401E+002
0,00700 0,01200 2,37847E+002
0,00800 0,01200 2,33386E+002
0,00900 0,01200 1,36786E+002
0,01000 0,01200 5,86292E+001
0,01100 0,01200 2,98565E+001
0,01200 0,01200 3,56763E+001
0,01300 0,01200 2,57666E+001
0,01400 0,01200 3,18173E+001
0,01500 0,01200 2,33406E+001
0,01600 0,01200 2,91732E+001
0,01700 0,01200 2,13956E+001
0,01800 0,01200 2,72062E+001
0,01900 0,01200 1,99584E+001
0,02000 0,01200 2,56965E+001
0,02100 0,01200 1,88784E+001
0,02200 0,01200 2,45205E+001
0,02300 0,01200 1,80616E+001
0,02400 0,01200 2,35947E+001
0,02500 0,01200 1,74434E+001
0,02600 0,01200 2,28609E+001
0,02700 0,01200 1,69783E+001
0,02800 0,01200 2,22768E+001
0,02900 0,01200 1,66328E+001
0,03000 0,01200 2,18111E+001
0,03100 0,01200 1,63820E+001
0,03200 0,01200 2,14397E+001
0,03300 0,01200 1,62064E+001
0,03400 0,01200 2,11439E+001
0,03500 0,01200 1,60908E+001
0,03600 0,01200 2,09087E+001
0,03700 0,01200 1,60227E+001
0,03800 0,01200 2,07217E+001
0,03900 0,01200 1,59921E+001
0,04000 0,01200 2,05729E+001
0,04100 0,01200 1,59905E+001
0,04200 0,01200 2,04537E+001
0,04300 0,01200 1,60109E+001
0,04400 0,01200 2,03569E+001
0,04500 0,01200 1,60470E+001
0,04600 0,01200 2,02763E+001
0,04700 0,01200 1,60936E+001
0,04800 0,01200 2,02064E+001
0,04900 0,01200 1,61462E+001
0,05000 0,01200 2,01427E+001
0,05100 0,01200 1,62008E+001
0,05200 0,01200 2,00810E+001
0,05300 0,01200 1,62541E+001
0,05400 0,01200 2,00180E+001
0,05500 0,01200 1,63032E+001
0,05600 0,01200 1,99505E+001
0,05700 0,01200 1,63454E+001
0,05800 0,01200 1,98761E+001
0,05900 0,01200 1,63788E+001
0,06000 0,01200 1,97926E+001
0,06100 0,01200 1,64016E+001
0,06200 0,01200 1,96982E+001
0,06300 0,01200 1,64127E+001
0,06400 0,01200 1,95911E+001
0,06500 0,01200 1,64068E+001
0,06600 0,01200 1,94752E+001
0,06700 0,01200 1,64650E+001
0,06800 0,01200 1,93258E+001
0,06900 0,01200 1,41389E+001
0,07000 0,01200 2,92398E+001
0,07100 0,01200 2,07819E+001
0,07200 0,01200 2,24645E+001
0,07300 0,01200 1,84887E+001
0,07400 0,01200 -9,28923E-002
0,07500 0,01200 3,04481E+000
0,07600 0,01200 2,04415E+000
0,07700 0,01200 3,44958E+000
0,07800 0,01200 1,34913E+001
0,07900 0,01200 2,29330E+001
0,08000 0,01200 2,57315E+001
0,00000 0,01300 2,78603E+001
0,00100 0,01300 2,22520E+001
0,00200 0,01300 2,36642E+001
0,00300 0,01300 4,96765E+001
0,00400 0,01300 2,47430E+002
0,00500 0,01300 3,08039E+002
0,00600 0,01300 2,97888E+002
0,00700 0,01300 2,83439E+002
0,00800 0,01300 2,01517E+002
0,00900 0,01300 1,43752E+002
0,01000 0,01300 6,36278E+001
0,01100 0,01300 3,46066E+001
0,01200 0,01300 2,76704E+001
0,01300 0,01300 2,85221E+001
0,01400 0,01300 2,40187E+001
0,01500 0,01300 2,34920E+001
0,01600 0,01300 2,07551E+001
0,01700 0,01300 2,04108E+001
0,01800 0,01300 1,82423E+001
0,01900 0,01300 1,80233E+001
0,02000 0,01300 1,63214E+001
0,02100 0,01300 1,61489E+001
0,02200 0,01300 1,48299E+001
0,02300 0,01300 1,46547E+001
0,02400 0,01300 1,36613E+001
0,02500 0,01300 1,34506E+001
0,02600 0,01300 1,27416E+001
0,02700 0,01300 1,24730E+001
0,02800 0,01300 1,20180E+001
0,02900 0,01300 1,16756E+001
0,03000 0,01300 1,14518E+001
0,03100 0,01300 1,10242E+001
0,03200 0,01300 1,10139E+001
0,03300 0,01300 1,04926E+001
0,03400 0,01300 1,06820E+001
0,03500 0,01300 1,00606E+001
0,03600 0,01300 1,04386E+001
0,03700 0,01300 9,71231E+000
0,03800 0,01300 1,02700E+001
0,03900 0,01300 9,43491E+000
0,04000 0,01300 1,01650E+001
0,04100 0,01300 9,21805E+000
0,04200 0,01300 1,01144E+001
0,04300 0,01300 9,05314E+000
0,04400 0,01300 1,01107E+001
0,04500 0,01300 8,93300E+000
0,04600 0,01300 1,01474E+001
0,04700 0,01300 8,85152E+000
0,04800 0,01300 1,02191E+001
0,04900 0,01300 8,80345E+000
0,05000 0,01300 1,03209E+001
0,05100 0,01300 8,78417E+000
0,05200 0,01300 1,04487E+001
0,05300 0,01300 8,78961E+000
0,05400 0,01300 1,05987E+001
0,05500 0,01300 8,81611E+000
0,05600 0,01300 1,07676E+001
0,05700 0,01300 8,86036E+000
0,05800 0,01300 1,09522E+001
0,05900 0,01300 8,91929E+000
0,06000 0,01300 1,11497E+001
0,06100 0,01300 8,99013E+000
0,06200 0,01300 1,13573E+001
0,06300 0,01300 9,06949E+000
0,06400 0,01300 1,15744E+001
0,06500 0,01300 9,16961E+000
0,06600 0,01300 1,17808E+001
0,06700 0,01300 8,99497E+000
0,06800 0,01300 1,20584E+001
0,06900 0,01300 1,81644E+001
0,07000 0,01300 2,04042E+001
0,07100 0,01300 2,81983E+001
0,07200 0,01300 2,44828E+001
0,07300 0,01300 9,85121E+000
0,07400 0,01300 7,16651E+000
0,07500 0,01300 -7,06687E-001
0,07600 0,01300 -6,35934E-001
0,07700 0,01300 5,76296E+000
0,07800 0,01300 1,42910E+001
0,07900 0,01300 2,31478E+001
0,08000 0,01300 2,57109E+001
0,00000 0,01400 2,03246E+001
0,00100 0,01400 3,01550E+001
0,00200 0,01400 1,79433E+001
0,00300 0,01400 6,86104E+001
0,00400 0,01400 1,99958E+002
0,00500 0,01400 3,43796E+002
0,00600 0,01400 3,26032E+002
0,00700 0,01400 2,38073E+002
0,00800 0,01400 2,31779E+002
0,00900 0,01400 1,31773E+002
0,01000 0,01400 5,50009E+001
0,01100 0,01400 3,04247E+001
0,01200 0,01400 5,50022E+001
0,01300 0,01400 4,95441E+001
0,01400 0,01400 4,17168E+001
0,01500 0,01400 4,44388E+001
0,01600 0,01400 3,43208E+001
0,01700 0,01400 3,80808E+001
0,01800 0,01400 2,88639E+001
0,01900 0,01400 3,31765E+001
0,02000 0,01400 2,45338E+001
0,02100 0,01400 2,92574E+001
0,02200 0,01400 2,10321E+001
0,02300 0,01400 2,60703E+001
0,02400 0,01400 1,81539E+001
0,02500 0,01400 2,34418E+001
0,02600 0,01400 1,57573E+001
0,02700 0,01400 2,12495E+001
0,02800 0,01400 1,37406E+001
0,02900 0,01400 1,94048E+001
0,03000 0,01400 1,20290E+001
0,03100 0,01400 1,78417E+001
0,03200 0,01400 1,05665E+001
0,03300 0,01400 1,65100E+001
0,03400 0,01400 9,31017E+000
0,03500 0,01400 1,53711E+001
0,03600 0,01400 8,22652E+000
0,03700 0,01400 1,43944E+001
0,03800 0,01400 7,28911E+000
0,03900 0,01400 1,35558E+001
0,04000 0,01400 6,47673E+000
0,04100 0,01400 1,28356E+001
0,04200 0,01400 5,77221E+000
0,04300 0,01400 1,22180E+001
0,04400 0,01400 5,16147E+000
0,04500 0,01400 1,16897E+001
0,04600 0,01400 4,63288E+000
0,04700 0,01400 1,12398E+001
0,04800 0,01400 4,17673E+000
0,04900 0,01400 1,08591E+001
0,05000 0,01400 3,78486E+000
0,05100 0,01400 1,05399E+001
0,05200 0,01400 3,45034E+000
0,05300 0,01400 1,02756E+001
0,05400 0,01400 3,16726E+000
0,05500 0,01400 1,00605E+001
0,05600 0,01400 2,93053E+000
0,05700 0,01400 9,88976E+000
0,05800 0,01400 2,73574E+000
0,05900 0,01400 9,75902E+000
0,06000 0,01400 2,57900E+000
0,06100 0,01400 9,66449E+000
0,06200 0,01400 2,45701E+000
0,06300 0,01400 9,60554E+000
0,06400 0,01400 2,36062E+000
0,06500 0,01400 9,52630E+000
0,06600 0,01400 2,35056E+000
0,06700 0,01400 1,04801E+001
0,06800 0,01400 2,29392E+000
0,06900 0,01400 2,00716E+001
0,07000 0,01400 2,78697E+001
0,07100 0,01400 2,11290E+001
0,07200 0,01400 2,20583E+001
0,07300 0,01400 1,77661E+001
0,07400 0,01400 -5,13356E-001
0,07500 0,01400 3,08279E+000
0,07600 0,01400 2,17651E+000
0,07700 0,01400 3,90632E+000
0,07800 0,01400 1,42848E+001
0,07900 0,01400 2,35051E+001
0,08000 0,01400 2,56519E+001
0,00000 0,01500 2,70904E+001
0,00100 0,01500 2,27868E+001
0,00200 0,01500 2,25493E+001
0,00300 0,01500 6,18229E+001
0,00400 0,01500 2,61097E+002
0,00500 0,01500 3,16962E+002
0,00600 0,01500 2,98397E+002
0,00700 0,01500 2,83174E+002
0,00800 0,01500 2,00055E+002
0,00900 0,01500 1,38534E+002
0,01000 0,01500 6,10730E+001
0,01100 0,01500 3,15189E+001
0,01200 0,01500 3,98583E+001
0,01300 0,01500 9,56347E+001
0,01400 0,01500 8,38599E+001
0,01500 0,01500 7,03527E+001
0,01600 0,01500 7,29254E+001
0,01700 0,01500 6,03254E+001
0,01800 0,01500 6,34687E+001
0,01900 0,01500 5,21663E+001
0,02000 0,01500 5,58942E+001
0,02100 0,01500 4,55512E+001
0,02200 0,01500 4,96723E+001
0,02300 0,01500 4,00783E+001
0,02400 0,01500 4,44690E+001
0,02500 0,01500 3,54780E+001
0,02600 0,01500 4,00535E+001
0,02700 0,01500 3,15603E+001
0,02800 0,01500 3,62612E+001
0,02900 0,01500 2,81873E+001
0,03000 0,01500 3,29711E+001
0,03100 0,01500 2,52569E+001
0,03200 0,01500 3,00925E+001
0,03300 0,01500 2,26916E+001
0,03400 0,01500 2,75559E+001
0,03500 0,01500 2,04317E+001
0,03600 0,01500 2,53072E+001
0,03700 0,01500 1,84303E+001
0,03800 0,01500 2,33036E+001
0,03900 0,01500 1,66501E+001
0,04000 0,01500 2,15107E+001
0,04100 0,01500 1,50610E+001
0,04200 0,01500 1,99006E+001
0,04300 0,01500 1,36384E+001
0,04400 0,01500 1,84503E+001
0,04500 0,01500 1,23620E+001
0,04600 0,01500 1,71409E+001
0,04700 0,01500 1,12148E+001
0,04800 0,01500 1,59562E+001
0,04900 0,01500 1,01825E+001
0,05000 0,01500 1,48828E+001
0,05100 0,01500 9,25301E+000
0,05200 0,01500 1,39092E+001
0,05300 0,01500 8,41597E+000
0,05400 0,01500 1,30253E+001
0,05500 0,01500 7,66240E+000
0,05600 0,01500 1,22227E+001
0,05700 0,01500 6,98452E+000
0,05800 0,01500 1,14938E+001
0,05900 0,01500 6,37550E+000
0,06000 0,01500 1,08322E+001
0,06100 0,01500 5,82964E+000
0,06200 0,01500 1,02316E+001
0,06300 0,01500 5,33189E+000
0,06400 0,01500 9,70908E+000
0,06500 0,01500 5,06860E+000
0,06600 0,01500 9,03195E+000
0,06700 0,01500 1,26700E+000
0,06800 0,01500 1,44478E+001
0,06900 0,01500 1,80380E+001
0,07000 0,01500 2,06763E+001
0,07100 0,01500 2,82216E+001
0,07200 0,01500 2,40752E+001
0,07300 0,01500 9,02575E+000
0,07400 0,01500 6,91050E+000
0,07500 0,01500 -7,57736E-001
0,07600 0,01500 -5,24370E-001
0,07700 0,01500 6,34552E+000
0,07800 0,01500 1,50630E+001
0,07900 0,01500 2,36723E+001
0,08000 0,01500 2,56266E+001
0,00000 0,01600 2,07097E+001
0,00100 0,01600 3,00783E+001
0,00200 0,01600 1,71585E+001
0,00300 0,01600 8,04863E+001
0,00400 0,01600 2,16224E+002
0,00500 0,01600 3,52231E+002
0,00600 0,01600 3,25429E+002
0,00700 0,01600 2,38362E+002
0,00800 0,01600 2,29866E+002
0,00900 0,01600 1,26769E+002
0,01000 0,01600 5,10613E+001
0,01100 0,01600 3,27677E+001
0,01200 0,01600 4,84871E+001
0,01300 0,01600 8,63669E+001
0,01400 0,01600 1,08721E+002
0,01500 0,01600 9,67006E+001
0,01600 0,01600 9,13835E+001
0,01700 0,01600 8,38808E+001
0,01800 0,01600 8,10566E+001
0,01900 0,01600 7,44778E+001
0,02000 0,01600 7,26317E+001
0,02100 0,01600 6,67781E+001
0,02200 0,01600 6,56718E+001
0,02300 0,01600 6,03501E+001
0,02400 0,01600 5,98161E+001
0,02500 0,01600 5,48866E+001
0,02600 0,01600 5,48113E+001
0,02700 0,01600 5,01742E+001
0,02800 0,01600 5,04761E+001
0,02900 0,01600 4,60585E+001
0,03000 0,01600 4,66777E+001
0,03100 0,01600 4,24251E+001
0,03200 0,01600 4,33168E+001
0,03300 0,01600 3,91875E+001
0,03400 0,01600 4,03175E+001
0,03500 0,01600 3,62790E+001
0,03600 0,01600 3,76210E+001
0,03700 0,01600 3,36477E+001
0,03800 0,01600 3,51809E+001
0,03900 0,01600 3,12523E+001
0,04000 0,01600 3,29603E+001
0,04100 0,01600 2,90598E+001
0,04200 0,01600 3,09296E+001
0,04300 0,01600 2,70435E+001
0,04400 0,01600 2,90646E+001
0,04500 0,01600 2,51816E+001
0,04600 0,01600 2,73454E+001
0,04700 0,01600 2,34560E+001
0,04800 0,01600 2,57556E+001
0,04900 0,01600 2,18517E+001
0,05000 0,01600 2,42815E+001
0,05100 0,01600 2,03563E+001
0,05200 0,01600 2,29116E+001
0,05300 0,01600 1,89591E+001
0,05400 0,01600 2,16362E+001
0,05500 0,01600 1,76511E+001
0,05600 0,01600 2,04470E+001
0,05700 0,01600 1,64248E+001
0,05800 0,01600 1,93369E+001
0,05900 0,01600 1,52737E+001
0,06000 0,01600 1,82996E+001
0,06100 0,01600 1,41910E+001
0,06200 0,01600 1,73308E+001
0,06300 0,01600 1,32071E+001
0,06400 0,01600 1,63465E+001
0,06500 0,01600 1,16264E+001
0,06600 0,01600 1,61609E+001
0,06700 0,01600 8,38662E+000
0,06800 0,01600 3,31490E+000
0,06900 0,01600 2,05445E+001
0,07000 0,01600 2,79877E+001
0,07100 0,01600 2,10459E+001
0,07200 0,01600 2,17333E+001
0,07300 0,01600 1,70140E+001
0,07400 0,01600 -8,76355E-001
0,07500 0,01600 3,10825E+000
0,07600 0,01600 2,32145E+000
0,07700 0,01600 4,42962E+000
0,07800 0,01600 1,50565E+001
0,07900 0,01600 2,40717E+001
0,08000 0,01600 2,55394E+001
0,00000 0,01700 2,64953E+001
0,00100 0,01700 2,32460E+001
0,00200 0,01700 2,15350E+001
0,00300 0,01700 7,57157E+001
0,00400 0,01700 2,74743E+002
0,00500 0,01700 3,25251E+002
0,00600 0,01700 2,98679E+002
0,00700 0,01700 2,82968E+002
0,00800 0,01700 1,98267E+002
0,00900 0,01700 1,33359E+002
0,01000 0,01700 5,81273E+001
0,01100 0,01700 3,05632E+001
0,01200 0,01700 4,41061E+001
0,01300 0,01700 9,06373E+001
0,01400 0,01700 1,21508E+002
0,01500 0,01700 8,32373E+001
0,01600 0,01700 7,20313E+001
0,01700 0,01700 7,82515E+001
0,01800 0,01700 6,42034E+001
0,01900 0,01700 7,13345E+001
0,02000 0,01700 5,82312E+001
0,02100 0,01700 6,57072E+001
0,02200 0,01700 5,33158E+001
0,02300 0,01700 6,09919E+001
0,02400 0,01700 4,91760E+001
0,02500 0,01700 5,69797E+001
0,02600 0,01700 4,56297E+001
0,02700 0,01700 5,35140E+001
0,02800 0,01700 4,25482E+001
0,02900 0,01700 5,04814E+001
0,03000 0,01700 3,98375E+001
0,03100 0,01700 4,77974E+001
0,03200 0,01700 3,74269E+001
0,03300 0,01700 4,53982E+001
0,03400 0,01700 3,52627E+001
0,03500 0,01700 4,32344E+001
0,03600 0,01700 3,33029E+001
0,03700 0,01700 4,12675E+001
0,03800 0,01700 3,15147E+001
0,03900 0,01700 3,94666E+001
0,04000 0,01700 2,98717E+001
0,04100 0,01700 3,78072E+001
0,04200 0,01700 2,83528E+001
0,04300 0,01700 3,62691E+001
0,04400 0,01700 2,69405E+001
0,04500 0,01700 3,48359E+001
0,04600 0,01700 2,56208E+001
0,04700 0,01700 3,34940E+001
0,04800 0,01700 2,43818E+001
0,04900 0,01700 3,22321E+001
0,05000 0,01700 2,32136E+001
0,05100 0,01700 3,10406E+001
0,05200 0,01700 2,21080E+001
0,05300 0,01700 2,99115E+001
0,05400 0,01700 2,10582E+001
0,05500 0,01700 2,88381E+001
0,05600 0,01700 2,00581E+001
0,05700 0,01700 2,78147E+001
0,05800 0,01700 1,91029E+001
0,05900 0,01700 2,68360E+001
0,06000 0,01700 1,81892E+001
0,06100 0,01700 2,59012E+001
0,06200 0,01700 1,73093E+001
0,06300 0,01700 2,48789E+001
0,06400 0,01700 1,67475E+001
0,06500 0,01700 2,62728E+001
0,06600 0,01700 1,12679E+001
0,06700 0,01700 1,17086E+000
0,06800 0,01700 1,50367E+001
0,06900 0,01700 1,84415E+001
0,07000 0,01700 2,07799E+001
0,07100 0,01700 2,82808E+001
0,07200 0,01700 2,36131E+001
0,07300 0,01700 8,21030E+000
0,07400 0,01700 6,70191E+000
0,07500 0,01700 -8,14418E-001
0,07600 0,01700 -3,95303E-001
0,07700 0,01700 6,99618E+000
0,07800 0,01700 1,58160E+001
0,07900 0,01700 2,41876E+001
0,08000 0,01700 2,55095E+001
0,00000 0,01800 2,11525E+001
0,00100 0,01800 2,99574E+001
0,00200 0,01800 1,65020E+001
0,00300 0,01800 9,41062E+001
0,00400 0,01800 2,32390E+002
0,00500 0,01800 3,59977E+002
0,00600 0,01800 3,24666E+002
0,00700 0,01800 2,38670E+002
0,00800 0,01800 2,27734E+002
0,00900 0,01800 1,21432E+002
0,01000 0,01800 4,80611E+001
0,01100 0,01800 3,27960E+001
0,01200 0,01800 5,04668E+001
0,01300 0,01800 8,87860E+001
0,01400 0,01800 1,10587E+002
0,01500 0,01800 9,96068E+001
0,01600 0,01800 5,10578E+001
0,01700 0,01800 4,54085E+001
0,01800 0,01800 4,81823E+001
0,01900 0,01800 4,16937E+001
0,02000 0,01800 4,46585E+001
0,02100 0,01800 3,85913E+001
0,02200 0,01800 4,17119E+001
0,02300 0,01800 3,60859E+001
0,02400 0,01800 3,92501E+001
0,02500 0,01800 3,39932E+001
0,02600 0,01800 3,71636E+001
0,02700 0,01800 3,22167E+001
0,02800 0,01800 3,53696E+001
0,02900 0,01800 3,06876E+001
0,03000 0,01800 3,38070E+001
0,03100 0,01800 2,93552E+001
0,03200 0,01800 3,24302E+001
0,03300 0,01800 2,81810E+001
0,03400 0,01800 3,12042E+001
0,03500 0,01800 2,71355E+001
0,03600 0,01800 3,01021E+001
0,03700 0,01800 2,61957E+001
0,03800 0,01800 2,91024E+001
0,03900 0,01800 2,53433E+001
0,04000 0,01800 2,81883E+001
0,04100 0,01800 2,45637E+001
0,04200 0,01800 2,73461E+001
0,04300 0,01800 2,38453E+001
0,04400 0,01800 2,65647E+001
0,04500 0,01800 2,31784E+001
0,04600 0,01800 2,58349E+001
0,04700 0,01800 2,25551E+001
0,04800 0,01800 2,51493E+001
0,04900 0,01800 2,19689E+001
0,05000 0,01800 2,45016E+001
0,05100 0,01800 2,14144E+001
0,05200 0,01800 2,38865E+001
0,05300 0,01800 2,08870E+001
0,05400 0,01800 2,32997E+001
0,05500 0,01800 2,03830E+001
0,05600 0,01800 2,27375E+001
0,05700 0,01800 1,98990E+001
0,05800 0,01800 2,21966E+001
0,05900 0,01800 1,94336E+001
0,06000 0,01800 2,16707E+001
0,06100 0,01800 1,89718E+001
0,06200 0,01800 2,11732E+001
0,06300 0,01800 1,89761E+001
0,06400 0,01800 1,96598E+001
0,06500 0,01800 2,04091E+001
0,06600 0,01800 1,44384E+001
0,06700 0,01800 8,67143E+000
0,06800 0,01800 3,65220E+000
0,06900 0,01800 2,11926E+001
0,07000 0,01800 2,80343E+001
0,07100 0,01800 2,09700E+001
0,07200 0,01800 2,13656E+001
0,07300 0,01800 1,62719E+001
0,07400 0,01800 -1,19411E+000
0,07500 0,01800 3,12621E+000
0,07600 0,01800 2,47705E+000
0,07700 0,01800 5,01582E+000
0,07800 0,01800 1,58154E+001
0,07900 0,01800 2,46526E+001
0,08000 0,01800 2,53878E+001
0,00000 0,01900 2,59099E+001
0,00100 0,01900 2,36092E+001
0,00200 0,01900 2,07208E+001
0,00300 0,01900 9,11329E+001
0,00400 0,01900 2,88349E+002
0,00500 0,01900 3,32824E+002
0,00600 0,01900 2,98797E+002
0,00700 0,01900 2,82800E+002
0,00800 0,01900 1,96170E+002
0,00900 0,01900 1,28139E+002
0,01000 0,01900 5,51905E+001
0,01100 0,01900 3,04232E+001
0,01200 0,01900 4,61500E+001
0,01300 0,01900 9,36171E+001
0,01400 0,01900 1,21085E+002
0,01500 0,01900 8,56039E+001
0,01600 0,01900 6,02294E+001
0,01700 0,01900 3,91040E+001
0,01800 0,01900 3,70391E+001
0,01900 0,01900 3,47983E+001
0,02000 0,01900 3,31052E+001
0,02100 0,01900 3,17968E+001
0,02200 0,01900 3,01776E+001
0,02300 0,01900 2,92208E+001
0,02400 0,01900 2,78051E+001
0,02500 0,01900 2,71024E+001
0,02600 0,01900 2,58402E+001
0,02700 0,01900 2,53440E+001
0,02800 0,01900 2,41942E+001
0,02900 0,01900 2,38703E+001
0,03000 0,01900 2,28024E+001
0,03100 0,01900 2,26255E+001
0,03200 0,01900 2,16163E+001
0,03300 0,01900 2,15670E+001
0,03400 0,01900 2,05983E+001
0,03500 0,01900 2,06619E+001
0,03600 0,01900 1,97191E+001
0,03700 0,01900 1,98839E+001
0,03800 0,01900 1,89556E+001
0,03900 0,01900 1,92125E+001
0,04000 0,01900 1,82890E+001
0,04100 0,01900 1,86306E+001
0,04200 0,01900 1,77040E+001
0,04300 0,01900 1,81244E+001
0,04400 0,01900 1,71881E+001
0,04500 0,01900 1,76824E+001
0,04600 0,01900 1,67308E+001
0,04700 0,01900 1,72951E+001
0,04800 0,01900 1,63232E+001
0,04900 0,01900 1,69544E+001
0,05000 0,01900 1,59580E+001
0,05100 0,01900 1,66533E+001
0,05200 0,01900 1,56287E+001
0,05300 0,01900 1,63860E+001
0,05400 0,01900 1,53299E+001
0,05500 0,01900 1,61473E+001
0,05600 0,01900 1,50570E+001
0,05700 0,01900 1,59331E+001
0,05800 0,01900 1,48060E+001
0,05900 0,01900 1,57348E+001
0,06000 0,01900 1,45864E+001
0,06100 0,01900 1,55950E+001
0,06200 0,01900 1,43383E+001
0,06300 0,01900 1,38219E+001
0,06400 0,01900 2,37724E+001
0,06500 0,01900 2,44949E+001
0,06600 0,01900 1,10788E+001
0,06700 0,01900 1,07121E+000
0,06800 0,01900 1,56577E+001
0,06900 0,01900 1,88155E+001
0,07000 0,01900 2,08733E+001
0,07100 0,01900 2,83298E+001
0,07200 0,01900 2,31096E+001
0,07300 0,01900 7,40520E+000
0,07400 0,01900 6,53928E+000
0,07500 0,01900 -8,75017E-001
0,07600 0,01900 -2,48075E-001
0,07700 0,01900 7,70825E+000
0,07800 0,01900 1,65574E+001
0,07900 0,01900 2,47215E+001
0,08000 0,01900 2,53500E+001
0,00000 0,02000 2,17845E+001
0,00100 0,02000 2,97583E+001
0,00200 0,02000 1,60795E+001
0,00300 0,02000 1,09210E+002
0,00400 0,02000 2,48444E+002
0,00500 0,02000 3,66960E+002
0,00600 0,02000 3,23794E+002
0,00700 0,02000 2,39008E+002
0,00800 0,02000 2,25299E+002
0,00900 0,02000 1,16010E+002
0,01000 0,02000 4,52764E+001
0,01100 0,02000 3,29792E+001
0,01200 0,02000 5,24881E+001
0,01300 0,02000 9,14395E+001
0,01400 0,02000 1,11411E+002
0,01500 0,02000 9,79949E+001
0,01600 0,02000 5,03585E+001
0,01700 0,02000 4,93268E+001
0,01800 0,02000 4,59921E+001
0,01900 0,02000 4,14846E+001
0,02000 0,02000 4,20313E+001
0,02100 0,02000 3,61738E+001
0,02200 0,02000 3,79389E+001
0,02300 0,02000 3,23552E+001
0,02400 0,02000 3,44773E+001
0,02500 0,02000 2,91838E+001
0,02600 0,02000 3,15713E+001
0,02700 0,02000 2,65022E+001
0,02800 0,02000 2,91062E+001
0,02900 0,02000 2,42104E+001
0,03000 0,02000 2,69953E+001
0,03100 0,02000 2,22343E+001
0,03200 0,02000 2,51737E+001
0,03300 0,02000 2,05179E+001
0,03400 0,02000 2,35915E+001
0,03500 0,02000 1,90177E+001
0,03600 0,02000 2,22098E+001
0,03700 0,02000 1,76995E+001
0,03800 0,02000 2,09980E+001
0,03900 0,02000 1,65364E+001
0,04000 0,02000 1,99311E+001
0,04100 0,02000 1,55061E+001
0,04200 0,02000 1,89893E+001
0,04300 0,02000 1,45910E+001
0,04400 0,02000 1,81560E+001
0,04500 0,02000 1,37760E+001
0,04600 0,02000 1,74173E+001
0,04700 0,02000 1,30488E+001
0,04800 0,02000 1,67619E+001
0,04900 0,02000 1,23990E+001
0,05000 0,02000 1,61800E+001
0,05100 0,02000 1,18176E+001
0,05200 0,02000 1,56632E+001
0,05300 0,02000 1,12972E+001
0,05400 0,02000 1,52043E+001
0,05500 0,02000 1,08310E+001
0,05600 0,02000 1,47971E+001
0,05700 0,02000 1,04134E+001
0,05800 0,02000 1,44355E+001
0,05900 0,02000 1,00557E+001
0,06000 0,02000 1,40678E+001
0,06100 0,02000 9,58691E+000
0,06200 0,02000 1,38956E+001
0,06300 0,02000 1,70029E+001
0,06400 0,02000 2,06233E+001
0,06500 0,02000 1,98828E+001
0,06600 0,02000 1,40430E+001
0,06700 0,02000 8,62098E+000
0,06800 0,02000 4,11393E+000
0,06900 0,02000 2,17889E+001
0,07000 0,02000 2,80741E+001
0,07100 0,02000 2,08815E+001
0,07200 0,02000 2,09611E+001
0,07300 0,02000 1,55425E+001
0,07400 0,02000 -1,46909E+000
0,07500 0,02000 3,13917E+000
0,07600 0,02000 2,64427E+000
0,07700 0,02000 5,65505E+000
0,07800 0,02000 1,65701E+001
0,07900 0,02000 2,52631E+001
0,08000 0,02000 2,51910E+001
0,00000 0,02100 2,53325E+001
0,00100 0,02100 2,38495E+001
0,00200 0,02100 2,02084E+001
0,00300 0,02100 1,07803E+002
0,00400 0,02100 3,01908E+002
0,00500 0,02100 3,39613E+002
0,00600 0,02100 2,98810E+002
0,00700 0,02100 2,82650E+002
0,00800 0,02100 1,93762E+002
0,00900 0,02100 1,22841E+002
0,01000 0,02100 5,24759E+001
0,01100 0,02100 3,03908E+001
0,01200 0,02100 4,83982E+001
0,01300 0,02100 9,62535E+001
0,01400 0,02100 1,21592E+002
0,01500 0,02100 8,42435E+001
0,01600 0,02100 5,86741E+001
0,01700 0,02100 3,97665E+001
0,01800 0,02100 6,17863E+001
0,01900 0,02100 5,54231E+001
0,02000 0,02100 4,85640E+001
0,02100 0,02100 5,22061E+001
0,02200 0,02100 4,31776E+001
0,02300 0,02100 4,75242E+001
0,02400 0,02100 3,89555E+001
0,02500 0,02100 4,35101E+001
0,02600 0,02100 3,53822E+001
0,02700 0,02100 4,00740E+001
0,02800 0,02100 3,23108E+001
0,02900 0,02100 3,70985E+001
0,03000 0,02100 2,96422E+001
0,03100 0,02100 3,44959E+001
0,03200 0,02100 2,73025E+001
0,03300 0,02100 3,22000E+001
0,03400 0,02100 2,52348E+001
0,03500 0,02100 3,01596E+001
0,03600 0,02100 2,33952E+001
0,03700 0,02100 2,83346E+001
0,03800 0,02100 2,17488E+001
0,03900 0,02100 2,66931E+001
0,04000 0,02100 2,02679E+001
0,04100 0,02100 2,52094E+001
0,04200 0,02100 1,89302E+001
0,04300 0,02100 2,38628E+001
0,04400 0,02100 1,77171E+001
0,04500 0,02100 2,26359E+001
0,04600 0,02100 1,66137E+001
0,04700 0,02100 2,15147E+001
0,04800 0,02100 1,56072E+001
0,04900 0,02100 2,04870E+001
0,05000 0,02100 1,46870E+001
0,05100 0,02100 1,95430E+001
0,05200 0,02100 1,38442E+001
0,05300 0,02100 1,86739E+001
0,05400 0,02100 1,30711E+001
0,05500 0,02100 1,78725E+001
0,05600 0,02100 1,23611E+001
0,05700 0,02100 1,71321E+001
0,05800 0,02100 1,17106E+001
0,05900 0,02100 1,63880E+001
0,06000 0,02100 1,12860E+001
0,06100 0,02100 1,62428E+001
0,06200 0,02100 1,11234E+001
0,06300 0,02100 1,64906E+001
0,06400 0,02100 2,33084E+001
0,06500 0,02100 2,43558E+001
0,06600 0,02100 1,04447E+001
0,06700 0,02100 1,12837E+000
0,06800 0,02100 1,62635E+001
0,06900 0,02100 1,91715E+001
0,07000 0,02100 2,09544E+001
0,07100 0,02100 2,83674E+001
0,07200 0,02100 2,25659E+001
0,07300 0,02100 6,61452E+000
0,07400 0,02100 6,41917E+000
0,07500 0,02100 -9,37116E-001
0,07600 0,02100 -8,01367E-002
0,07700 0,02100 8,46986E+000
0,07800 0,02100 1,72951E+001
0,07900 0,02100 2,52804E+001
0,08000 0,02100 2,51444E+001
0,00000 0,02200 2,25738E+001
0,00100 0,02200 2,94594E+001
0,00200 0,02200 1,59931E+001
0,00300 0,02200 1,25516E+002
0,00400 0,02200 2,64379E+002
0,00500 0,02200 3,73120E+002
0,00600 0,02200 3,22869E+002
0,00700 0,02200 2,39358E+002
0,00800 0,02200 2,22543E+002
0,00900 0,02200 1,10531E+002
0,01000 0,02200 4,27181E+001
0,01100 0,02200 3,32917E+001
0,01200 0,02200 5,46229E+001
0,01300 0,02200 9,40584E+001
0,01400 0,02200 1,12089E+002
0,01500 0,02200 9,63989E+001
0,01600 0,02200 4,93684E+001
0,01700 0,02200 4,81952E+001
0,01800 0,02200 5,14302E+001
0,01900 0,02200 6,81629E+001
0,02000 0,02200 5,60909E+001
0,02100 0,02200 5,13397E+001
0,02200 0,02200 5,24025E+001
0,02300 0,02200 4,67224E+001
0,02400 0,02200 4,82685E+001
0,02500 0,02200 4,30451E+001
0,02600 0,02200 4,46965E+001
0,02700 0,02200 3,98923E+001
0,02800 0,02200 4,15996E+001
0,02900 0,02200 3,71532E+001
0,03000 0,02200 3,88826E+001
0,03100 0,02200 3,47474E+001
0,03200 0,02200 3,64741E+001
0,03300 0,02200 3,26142E+001
0,03400 0,02200 3,43198E+001
0,03500 0,02200 3,07068E+001
0,03600 0,02200 3,23774E+001
0,03700 0,02200 2,89885E+001
0,03800 0,02200 3,06137E+001
0,03900 0,02200 2,74304E+001
0,04000 0,02200 2,90021E+001
0,04100 0,02200 2,60093E+001
0,04200 0,02200 2,75213E+001
0,04300 0,02200 2,47063E+001
0,04400 0,02200 2,61538E+001
0,04500 0,02200 2,35060E+001
0,04600 0,02200 2,48852E+001
0,04700 0,02200 2,23957E+001
0,04800 0,02200 2,37037E+001
0,04900 0,02200 2,13649E+001
0,05000 0,02200 2,25994E+001
0,05100 0,02200 2,04048E+001
0,05200 0,02200 2,15640E+001
0,05300 0,02200 1,95078E+001
0,05400 0,02200 2,05904E+001
0,05500 0,02200 1,86675E+001
0,05600 0,02200 1,96728E+001
0,05700 0,02200 1,78803E+001
0,05800 0,02200 1,87982E+001
0,05900 0,02200 1,73568E+001
0,06000 0,02200 1,73376E+001
0,06100 0,02200 1,55233E+001
0,06200 0,02200 1,49606E+001
0,06300 0,02200 1,70047E+001
0,06400 0,02200 2,08242E+001
0,06500 0,02200 1,95396E+001
0,06600 0,02200 1,36072E+001
0,06700 0,02200 8,61388E+000
0,06800 0,02200 4,59300E+000
0,06900 0,02200 2,23614E+001
0,07000 0,02200 2,81005E+001
0,07100 0,02200 2,07804E+001
0,07200 0,02200 2,05207E+001
0,07300 0,02200 1,48297E+001
0,07400 0,02200 -1,70507E+000
0,07500 0,02200 3,15003E+000
0,07600 0,02200 2,82601E+000
0,07700 0,02200 6,33321E+000
0,07800 0,02200 1,73298E+001
0,07900 0,02200 2,58902E+001
0,08000 0,02200 2,49522E+001
0,00000 0,02300 2,48710E+001
0,00100 0,02300 2,39397E+001
0,00200 0,02300 2,00970E+001
0,00300 0,02300 1,25460E+002
0,00400 0,02300 3,15417E+002
0,00500 0,02300 3,45566E+002
0,00600 0,02300 2,98767E+002
0,00700 0,02300 2,82503E+002
0,00800 0,02300 1,91028E+002
0,00900 0,02300 1,17499E+002
0,01000 0,02300 4,99792E+001
0,01100 0,02300 3,04889E+001
0,01200 0,02300 5,07581E+001
0,01300 0,02300 9,88413E+001
0,01400 0,02300 1,21977E+002
0,01500 0,02300 8,28244E+001
0,01600 0,02300 5,70984E+001
0,01700 0,02300 4,07320E+001
0,01800 0,02300 6,02577E+001
0,01900 0,02300 6,45678E+001
0,02000 0,02300 5,77446E+001
0,02100 0,02300 4,53943E+001
0,02200 0,02300 4,79362E+001
0,02300 0,02300 4,28513E+001
0,02400 0,02300 4,45429E+001
0,02500 0,02300 3,98690E+001
0,02600 0,02300 4,17864E+001
0,02700 0,02300 3,72991E+001
0,02800 0,02300 3,94042E+001
0,02900 0,02300 3,50613E+001
0,03000 0,02300 3,73200E+001
0,03100 0,02300 3,30886E+001
0,03200 0,02300 3,54765E+001
0,03300 0,02300 3,13310E+001
0,03400 0,02300 3,38296E+001
0,03500 0,02300 2,97502E+001
0,03600 0,02300 3,23450E+001
0,03700 0,02300 2,83162E+001
0,03800 0,02300 3,09958E+001
0,03900 0,02300 2,70053E+001
0,04000 0,02300 2,97605E+001
0,04100 0,02300 2,57984E+001
0,04200 0,02300 2,86220E+001
0,04300 0,02300 2,46804E+001
0,04400 0,02300 2,75662E+001
0,04500 0,02300 2,36386E+001
0,04600 0,02300 2,65816E+001
0,04700 0,02300 2,26627E+001
0,04800 0,02300 2,56587E+001
0,04900 0,02300 2,17444E+001
0,05000 0,02300 2,47897E+001
0,05100 0,02300 2,08765E+001
0,05200 0,02300 2,39680E+001
0,05300 0,02300 2,00532E+001
0,05400 0,02300 2,31880E+001
0,05500 0,02300 1,92700E+001
0,05600 0,02300 2,24446E+001
0,05700 0,02300 1,85169E+001
0,05800 0,02300 2,17632E+001
0,05900 0,02300 1,69976E+001
0,06000 0,02300 2,38647E+001
0,06100 0,02300 1,60176E+001
0,06200 0,02300 1,12332E+001
0,06300 0,02300 1,68296E+001
0,06400 0,02300 2,34644E+001
0,06500 0,02300 2,40189E+001
0,06600 0,02300 9,87404E+000
0,06700 0,02300 1,20245E+000
0,06800 0,02300 1,68907E+001
0,06900 0,02300 1,94978E+001
0,07000 0,02300 2,10275E+001
0,07100 0,02300 2,83903E+001
0,07200 0,02300 2,19836E+001
0,07300 0,02300 5,84218E+000
0,07400 0,02300 6,33750E+000
0,07500 0,02300 -9,98282E-001
0,07600 0,02300 1,13051E-001
0,07700 0,02300 9,26508E+000
0,07800 0,02300 1,80424E+001
0,07900 0,02300 2,57967E+001
0,08000 0,02300 2,49158E+001
0,00000 0,02400 2,34217E+001
0,00100 0,02400 2,90469E+001
0,00200 0,02400 1,63430E+001
0,00300 0,02400 1,42775E+002
0,00400 0,02400 2,80194E+002
0,00500 0,02400 3,78416E+002
0,00600 0,02400 3,21934E+002
0,00700 0,02400 2,39705E+002
0,00800 0,02400 2,19454E+002
0,00900 0,02400 1,05028E+002
0,01000 0,02400 4,03883E+001
0,01100 0,02400 3,37310E+001
0,01200 0,02400 5,68660E+001
0,01300 0,02400 9,66343E+001
0,01400 0,02400 1,12620E+002
0,01500 0,02400 9,48248E+001
0,01600 0,02400 4,80846E+001
0,01700 0,02400 4,83248E+001
0,01800 0,02400 5,26859E+001
0,01900 0,02400 6,71266E+001
0,02000 0,02400 6,09694E+001
0,02100 0,02400 4,75592E+001
0,02200 0,02400 3,51232E+001
0,02300 0,02400 4,03725E+001
0,02400 0,02400 3,31350E+001
0,02500 0,02400 3,78241E+001
0,02600 0,02400 3,09653E+001
0,02700 0,02400 3,56815E+001
0,02800 0,02400 2,91211E+001
0,02900 0,02400 3,38310E+001
0,03000 0,02400 2,75312E+001
0,03100 0,02400 3,22164E+001
0,03200 0,02400 2,61440E+001
0,03300 0,02400 3,07928E+001
0,03400 0,02400 2,49211E+001
0,03500 0,02400 2,95248E+001
0,03600 0,02400 2,38327E+001
0,03700 0,02400 2,83851E+001
0,03800 0,02400 2,28551E+001
0,03900 0,02400 2,73518E+001
0,04000 0,02400 2,19699E+001
0,04100 0,02400 2,64074E+001
0,04200 0,02400 2,11617E+001
0,04300 0,02400 2,55378E+001
0,04400 0,02400 2,04185E+001
0,04500 0,02400 2,47314E+001
0,04600 0,02400 1,97302E+001
0,04700 0,02400 2,39786E+001
0,04800 0,02400 1,90885E+001
0,04900 0,02400 2,32715E+001
0,05000 0,02400 1,84866E+001
0,05100 0,02400 2,26035E+001
0,05200 0,02400 1,79188E+001
0,05300 0,02400 2,19690E+001
0,05400 0,02400 1,73809E+001
0,05500 0,02400 2,13614E+001
0,05600 0,02400 1,68706E+001
0,05700 0,02400 2,07993E+001
0,05800 0,02400 1,62732E+001
0,05900 0,02400 2,34782E+001
0,06000 0,02400 1,91820E+001
0,06100 0,02400 1,49699E+001
0,06200 0,02400 1,51763E+001
0,06300 0,02400 1,72454E+001
0,06400 0,02400 2,09402E+001
0,06500 0,02400 1,91947E+001
0,06600 0,02400 1,31834E+001
0,06700 0,02400 8,63660E+000
0,06800 0,02400 5,09076E+000
0,06900 0,02400 2,29083E+001
0,07000 0,02400 2,81150E+001
0,07100 0,02400 2,06644E+001
0,07200 0,02400 2,00461E+001
0,07300 0,02400 1,41378E+001
0,07400 0,02400 -1,90638E+000
0,07500 0,02400 3,16154E+000
0,07600 0,02400 3,02752E+000
0,07700 0,02400 7,03115E+000
0,07800 0,02400 1,81204E+001
0,07900 0,02400 2,63429E+001
0,08000 0,02400 2,47405E+001
0,00000 0,02500 2,46377E+001
0,00100 0,02500 2,38564E+001
0,00200 0,02500 2,04917E+001
0,00300 0,02500 1,43886E+002
0,00400 0,02500 3,28870E+002
0,00500 0,02500 3,50655E+002
0,00600 0,02500 2,98711E+002
0,00700 0,02500 2,82340E+002
0,00800 0,02500 1,87957E+002
0,00900 0,02500 1,12143E+002
0,01000 0,02500 4,77017E+001
0,01100 0,02500 3,07148E+001
0,01200 0,02500 5,32260E+001
0,01300 0,02500 1,01367E+002
0,01400 0,02500 1,22261E+002
0,01500 0,02500 8,12789E+001
0,01600 0,02500 5,57593E+001
0,01700 0,02500 4,11118E+001
0,01800 0,02500 6,10634E+001
0,01900 0,02500 6,48811E+001
0,02000 0,02500 5,65456E+001
0,02100 0,02500 4,82061E+001
0,02200 0,02500 4,61333E+001
0,02300 0,02500 3,99261E+001
0,02400 0,02500 4,06082E+001
0,02500 0,02500 3,70992E+001
0,02600 0,02500 3,78430E+001
0,02700 0,02500 3,46003E+001
0,02800 0,02500 3,54525E+001
0,02900 0,02500 3,24621E+001
0,03000 0,02500 3,33713E+001
0,03100 0,02500 3,06011E+001
0,03200 0,02500 3,15436E+001
0,03300 0,02500 2,89640E+001
0,03400 0,02500 2,99235E+001
0,03500 0,02500 2,75106E+001
0,03600 0,02500 2,84749E+001
0,03700 0,02500 2,62096E+001
0,03800 0,02500 2,71694E+001
0,03900 0,02500 2,50361E+001
0,04000 0,02500 2,59844E+001
0,04100 0,02500 2,39700E+001
0,04200 0,02500 2,49015E+001
0,04300 0,02500 2,29950E+001
0,04400 0,02500 2,39057E+001
0,04500 0,02500 2,20980E+001
0,04600 0,02500 2,29848E+001
0,04700 0,02500 2,12679E+001
0,04800 0,02500 2,21286E+001
0,04900 0,02500 2,04957E+001
0,05000 0,02500 2,13286E+001
0,05100 0,02500 1,97737E+001
0,05200 0,02500 2,05774E+001
0,05300 0,02500 1,90962E+001
0,05400 0,02500 1,98668E+001
0,05500 0,02500 1,84653E+001
0,05600 0,02500 1,91857E+001
0,05700 0,02500 1,77906E+001
0,05800 0,02500 1,89538E+001
0,05900 0,02500 2,08231E+001
0,06000 0,02500 2,29478E+001
0,06100 0,02500 1,59905E+001
0,06200 0,02500 1,12647E+001
0,06300 0,02500 1,71944E+001
0,06400 0,02500 2,35928E+001
0,06500 0,02500 2,36634E+001
0,06600 0,02500 9,31927E+000
0,06700 0,02500 1,30753E+000
0,06800 0,02500 1,75328E+001
0,06900 0,02500 1,97951E+001
0,07000 0,02500 2,10936E+001
0,07100 0,02500 2,83963E+001
0,07200 0,02500 2,13649E+001
0,07300 0,02500 5,09208E+000
0,07400 0,02500 6,28965E+000
0,07500 0,02500 -1,05642E+000
0,07600 0,02500 3,38163E-001
0,07700 0,02500 1,00738E+001
0,07800 0,02500 1,88318E+001
0,07900 0,02500 2,59765E+001
0,08000 0,02500 2,47767E+001
0,00000 0,02600 2,42562E+001
0,00100 0,02600 2,85062E+001
0,00200 0,02600 1,72491E+001
0,00300 0,02600 1,60792E+002
0,00400 0,02600 2,95879E+002
0,00500 0,02600 3,82833E+002
0,00600 0,02600 3,21030E+002
0,00700 0,02600 2,40028E+002
0,00800 0,02600 2,16021E+002
0,00900 0,02600 9,95307E+001
0,01000 0,02600 3,82871E+001
0,01100 0,02600 3,42946E+001
0,01200 0,02600 5,92139E+001
0,01300 0,02600 9,91518E+001
0,01400 0,02600 1,13031E+002
0,01500 0,02600 9,31864E+001
0,01600 0,02600 4,68265E+001
0,01700 0,02600 4,86154E+001
0,01800 0,02600 5,36440E+001
0,01900 0,02600 6,71186E+001
0,02000 0,02600 6,09964E+001
0,02100 0,02600 4,38753E+001
0,02200 0,02600 4,90292E+001
0,02300 0,02600 4,27591E+001
0,02400 0,02600 3,66921E+001
0,02500 0,02600 3,95733E+001
0,02600 0,02600 3,40878E+001
0,02700 0,02600 3,72220E+001
0,02800 0,02600 3,19208E+001
0,02900 0,02600 3,51380E+001
0,03000 0,02600 3,00581E+001
0,03100 0,02600 3,33120E+001
0,03200 0,02600 2,84253E+001
0,03300 0,02600 3,16988E+001
0,03400 0,02600 2,69785E+001
0,03500 0,02600 3,02599E+001
0,03600 0,02600 2,56845E+001
0,03700 0,02600 2,89652E+001
0,03800 0,02600 2,45171E+001
0,03900 0,02600 2,77907E+001
0,04000 0,02600 2,34556E+001
0,04100 0,02600 2,67173E+001
0,04200 0,02600 2,24832E+001
0,04300 0,02600 2,57293E+001
0,04400 0,02600 2,15862E+001
0,04500 0,02600 2,48141E+001
0,04600 0,02600 2,07534E+001
0,04700 0,02600 2,39613E+001
0,04800 0,02600 1,99758E+001
0,04900 0,02600 2,31621E+001
0,05000 0,02600 1,92456E+001
0,05100 0,02600 2,24093E+001
0,05200 0,02600 1,85572E+001
0,05300 0,02600 2,16943E+001
0,05400 0,02600 1,79143E+001
0,05500 0,02600 2,09836E+001
0,05600 0,02600 1,73354E+001
0,05700 0,02600 2,06016E+001
0,05800 0,02600 2,13128E+001
0,05900 0,02600 2,25059E+001
0,06000 0,02600 1,92077E+001
0,06100 0,02600 1,47629E+001
0,06200 0,02600 1,53149E+001
0,06300 0,02600 1,75096E+001
0,06400 0,02600 2,10297E+001
0,06500 0,02600 1,88331E+001
0,06600 0,02600 1,27775E+001
0,06700 0,02600 8,68837E+000
0,06800 0,02600 5,60482E+000
0,06900 0,02600 2,34293E+001
0,07000 0,02600 2,81186E+001
0,07100 0,02600 2,05311E+001
0,07200 0,02600 1,95397E+001
0,07300 0,02600 1,34705E+001
0,07400 0,02600 -2,07774E+000
0,07500 0,02600 3,17623E+000
0,07600 0,02600 3,25504E+000
0,07700 0,02600 7,73082E+000
0,07800 0,02600 1,89663E+001
0,07900 0,02600 2,63417E+001
0,08000 0,02600 2,46745E+001
0,00000 0,02700 2,46936E+001
0,00100 0,02700 2,35770E+001
0,00200 0,02700 2,15375E+001
0,00300 0,02700 1,62920E+002
0,00400 0,02700 3,42258E+002
0,00500 0,02700 3,54879E+002
0,00600 0,02700 2,98676E+002
0,00700 0,02700 2,82139E+002
0,00800 0,02700 1,84539E+002
0,00900 0,02700 1,06805E+002
0,01000 0,02700 4,56425E+001
0,01100 0,02700 3,10677E+001
0,01200 0,02700 5,57946E+001
0,01300 0,02700 1,03826E+002
0,01400 0,02700 1,22429E+002
0,01500 0,02700 7,96639E+001
0,01600 0,02700 5,44774E+001
0,01700 0,02700 4,15547E+001
0,01800 0,02700 6,19069E+001
0,01900 0,02700 6,50276E+001
0,02000 0,02700 5,57531E+001
0,02100 0,02700 4,77468E+001
0,02200 0,02700 4,47702E+001
0,02300 0,02700 4,78763E+001
0,02400 0,02700 4,03652E+001
0,02500 0,02700 3,52353E+001
0,02600 0,02700 3,81182E+001
0,02700 0,02700 3,26704E+001
0,02800 0,02700 3,59460E+001
0,02900 0,02700 3,06635E+001
0,03000 0,02700 3,39950E+001
0,03100 0,02700 2,89321E+001
0,03200 0,02700 3,22776E+001
0,03300 0,02700 2,74083E+001
0,03400 0,02700 3,07537E+001
0,03500 0,02700 2,60533E+001
0,03600 0,02700 2,93889E+001
0,03700 0,02700 2,48374E+001
0,03800 0,02700 2,81559E+001
0,03900 0,02700 2,37369E+001
0,04000 0,02700 2,70332E+001
0,04100 0,02700 2,27332E+001
0,04200 0,02700 2,60032E+001
0,04300 0,02700 2,18108E+001
0,04400 0,02700 2,50519E+001
0,04500 0,02700 2,09575E+001
0,04600 0,02700 2,41675E+001
0,04700 0,02700 2,01630E+001
0,04800 0,02700 2,33404E+001
0,04900 0,02700 1,94188E+001
0,05000 0,02700 2,25628E+001
0,05100 0,02700 1,87186E+001
0,05200 0,02700 2,18255E+001
0,05300 0,02700 1,80664E+001
0,05400 0,02700 2,10889E+001
0,05500 0,02700 1,75665E+001
0,05600 0,02700 2,02602E+001
0,05700 0,02700 2,16761E+001
0,05800 0,02700 1,86720E+001
0,05900 0,02700 2,10273E+001
0,06000 0,02700 2,27436E+001
0,06100 0,02700 1,57713E+001
0,06200 0,02700 1,13673E+001
0,06300 0,02700 1,75424E+001
0,06400 0,02700 2,37046E+001
0,06500 0,02700 2,32875E+001
0,06600 0,02700 8,78254E+000
0,06700 0,02700 1,44382E+000
0,06800 0,02700 1,81869E+001
0,06900 0,02700 2,00632E+001
0,07000 0,02700 2,11537E+001
0,07100 0,02700 2,83829E+001
0,07200 0,02700 2,07121E+001
0,07300 0,02700 4,36808E+000
0,07400 0,02700 6,27064E+000
0,07500 0,02700 -1,10934E+000
0,07600 0,02700 6,00876E-001
0,07700 0,02700 1,08855E+001
0,07800 0,02700 1,96573E+001
0,07900 0,02700 2,57320E+001
0,08000 0,02700 2,47875E+001
0,00000 0,02800 2,50698E+001
0,00100 0,02800 2,78107E+001
0,00200 0,02800 1,88995E+001
0,00300 0,02800 1,79427E+002
0,00400 0,02800 3,11418E+002
0,00500 0,02800 3,86384E+002
0,00600 0,02800 3,20187E+002
0,00700 0,02800 2,40303E+002
0,00800 0,02800 2,12240E+002
0,00900 0,02800 9,40713E+001
0,01000 0,02800 3,64124E+001
0,01100 0,02800 3,49814E+001
0,01200 0,02800 6,16600E+001
0,01300 0,02800 1,01603E+002
0,01400 0,02800 1,13323E+002
0,01500 0,02800 9,14823E+001
0,01600 0,02800 4,56195E+001
0,01700 0,02800 4,89964E+001
0,01800 0,02800 5,45418E+001
0,01900 0,02800 6,72869E+001
0,02000 0,02800 6,02131E+001
0,02100 0,02800 4,30889E+001
0,02200 0,02800 4,87573E+001
0,02300 0,02800 4,16129E+001
0,02400 0,02800 4,63034E+001
0,02500 0,02800 3,80410E+001
0,02600 0,02800 3,44585E+001
0,02700 0,02800 3,66148E+001
0,02800 0,02800 3,20058E+001
0,02900 0,02800 3,46101E+001
0,03000 0,02800 3,01262E+001
0,03100 0,02800 3,27943E+001
0,03200 0,02800 2,84929E+001
0,03300 0,02800 3,11881E+001
0,03400 0,02800 2,70464E+001
0,03500 0,02800 2,97556E+001
0,03600 0,02800 2,57524E+001
0,03700 0,02800 2,84660E+001
0,03800 0,02800 2,45845E+001
0,03900 0,02800 2,72953E+001
0,04000 0,02800 2,35215E+001
0,04100 0,02800 2,62240E+001
0,04200 0,02800 2,25464E+001
0,04300 0,02800 2,52365E+001
0,04400 0,02800 2,16454E+001
0,04500 0,02800 2,43200E+001
0,04600 0,02800 2,08074E+001
0,04700 0,02800 2,34641E+001
0,04800 0,02800 2,00231E+001
0,04900 0,02800 2,26602E+001
0,05000 0,02800 1,92852E+001
0,05100 0,02800 2,18993E+001
0,05200 0,02800 1,85966E+001
0,05300 0,02800 2,11375E+001
0,05400 0,02800 1,80837E+001
0,05500 0,02800 1,99508E+001
0,05600 0,02800 2,22042E+001
0,05700 0,02800 2,03015E+001
0,05800 0,02800 2,14541E+001
0,05900 0,02800 2,25381E+001
0,06000 0,02800 1,89494E+001
0,06100 0,02800 1,46379E+001
0,06200 0,02800 1,54483E+001
0,06300 0,02800 1,77762E+001
0,06400 0,02800 2,10978E+001
0,06500 0,02800 1,84547E+001
0,06600 0,02800 1,23911E+001
0,06700 0,02800 8,76950E+000
0,06800 0,02800 6,13236E+000
0,06900 0,02800 2,39242E+001
0,07000 0,02800 2,81123E+001
0,07100 0,02800 2,03781E+001
0,07200 0,02800 1,90038E+001
0,07300 0,02800 1,28316E+001
0,07400 0,02800 -2,22426E+000
0,07500 0,02800 3,19699E+000
0,07600 0,02800 3,51264E+000
0,07700 0,02800 8,42920E+000
0,07800 0,02800 1,98285E+001
0,07900 0,02800 2,60533E+001
0,08000 0,02800 2,47257E+001
0,00000 0,02900 2,50549E+001
0,00100 0,02900 2,30687E+001
0,00200 0,02900 2,34821E+001
0,00300 0,02900 1,82449E+002
0,00400 0,02900 3,55559E+002
0,00500 0,02900 3,58262E+002
0,00600 0,02900 2,98690E+002
0,00700 0,02900 2,81876E+002
0,00800 0,02900 1,80773E+002
0,00900 0,02900 1,01515E+002
0,01000 0,02900 4,37989E+001
0,01100 0,02900 3,15471E+001
0,01200 0,02900 5,84568E+001
0,01300 0,02900 1,06213E+002
0,01400 0,02900 1,22480E+002
0,01500 0,02900 7,79843E+001
0,01600 0,02900 5,32561E+001
0,01700 0,02900 4,20670E+001
0,01800 0,02900 6,27546E+001
0,01900 0,02900 6,51117E+001
0,02000 0,02900 5,50024E+001
0,02100 0,02900 4,70557E+001
0,02200 0,02900 4,43583E+001
0,02300 0,02900 4,73442E+001
0,02400 0,02900 3,99476E+001
0,02500 0,02900 4,45077E+001
0,02600 0,02900 3,62172E+001
0,02700 0,02900 3,36532E+001
0,02800 0,02900 3,51556E+001
0,02900 0,02900 3,13453E+001
0,03000 0,02900 3,32861E+001
0,03100 0,02900 2,95803E+001
0,03200 0,02900 3,15883E+001
0,03300 0,02900 2,80335E+001
0,03400 0,02900 3,00793E+001
0,03500 0,02900 2,66550E+001
0,03600 0,02900 2,87263E+001
0,03700 0,02900 2,54146E+001
0,03800 0,02900 2,75022E+001
0,03900 0,02900 2,42887E+001
0,04000 0,02900 2,63853E+001
0,04100 0,02900 2,32582E+001
0,04200 0,02900 2,53583E+001
0,04300 0,02900 2,23078E+001
0,04400 0,02900 2,44070E+001
0,04500 0,02900 2,14250E+001
0,04600 0,02900 2,35201E+001
0,04700 0,02900 2,05997E+001
0,04800 0,02900 2,26881E+001
0,04900 0,02900 1,98238E+001
0,05000 0,02900 2,19021E+001
0,05100 0,02900 1,90971E+001
0,05200 0,02900 2,11210E+001
0,05300 0,02900 1,85606E+001
0,05400 0,02900 1,98329E+001
0,05500 0,02900 2,23979E+001
0,05600 0,02900 2,03071E+001
0,05700 0,02900 2,17071E+001
0,05800 0,02900 1,86878E+001
0,05900 0,02900 2,11283E+001
0,06000 0,02900 2,25463E+001
0,06100 0,02900 1,55536E+001
0,06200 0,02900 1,14882E+001
0,06300 0,02900 1,78869E+001
0,06400 0,02900 2,37955E+001
0,06500 0,02900 2,28935E+001
0,06600 0,02900 8,26480E+000
0,06700 0,02900 1,61177E+000
0,06800 0,02900 1,88501E+001
0,06900 0,02900 2,03021E+001
0,07000 0,02900 2,12087E+001
0,07100 0,02900 2,83477E+001
0,07200 0,02900 2,00278E+001
0,07300 0,02900 3,67382E+000
0,07400 0,02900 6,27530E+000
0,07500 0,02900 -1,15479E+000
0,07600 0,02900 9,04961E-001
0,07700 0,02900 1,17026E+001
0,07800 0,02900 2,04600E+001
0,07900 0,02900 2,54103E+001
0,08000 0,02900 2,48489E+001
0,00000 0,03000 2,59133E+001
0,00100 0,03000 2,69104E+001
0,00200 0,03000 2,16247E+001
0,00300 0,03000 1,98574E+002
0,00400 0,03000 3,26786E+002
0,00500 0,03000 3,89104E+002
0,00600 0,03000 3,19428E+002
0,00700 0,03000 2,40507E+002
0,00800 0,03000 2,08108E+002
0,00900 0,03000 8,86800E+001
0,01000 0,03000 3,47604E+001
0,01100 0,03000 3,57911E+001
0,01200 0,03000 6,41968E+001
0,01300 0,03000 1,03981E+002
0,01400 0,03000 1,13495E+002
0,01500 0,03000 8,97153E+001
0,01600 0,03000 4,44742E+001
0,01700 0,03000 4,94483E+001
0,01800 0,03000 5,54368E+001
0,01900 0,03000 6,74151E+001
0,02000 0,03000 5,93895E+001
0,02100 0,03000 4,23781E+001
0,02200 0,03000 4,83000E+001
0,02300 0,03000 4,12245E+001
0,02400 0,03000 4,54238E+001
0,02500 0,03000 3,90509E+001
0,02600 0,03000 4,27408E+001
0,02700 0,03000 3,43382E+001
0,02800 0,03000 3,31131E+001
0,02900 0,03000 3,34340E+001
0,03000 0,03000 3,09794E+001
0,03100 0,03000 3,16884E+001
0,03200 0,03000 2,93203E+001
0,03300 0,03000 3,01086E+001
0,03400 0,03000 2,78544E+001
0,03500 0,03000 2,86986E+001
0,03600 0,03000 2,65403E+001
0,03700 0,03000 2,74281E+001
0,03800 0,03000 2,53512E+001
0,03900 0,03000 2,62729E+001
0,04000 0,03000 2,42656E+001
0,04100 0,03000 2,52137E+001
0,04200 0,03000 2,32663E+001
0,04300 0,03000 2,42347E+001
0,04400 0,03000 2,23397E+001
0,04500 0,03000 2,33236E+001
0,04600 0,03000 2,14743E+001
0,04700 0,03000 2,24700E+001
0,04800 0,03000 2,06610E+001
0,04900 0,03000 2,16652E+001
0,05000 0,03000 1,98970E+001
0,05100 0,03000 2,08760E+001
0,05200 0,03000 1,93106E+001
0,05300 0,03000 1,95327E+001
0,05400 0,03000 2,25316E+001
0,05500 0,03000 2,07086E+001
0,05600 0,03000 2,20642E+001
0,05700 0,03000 2,03545E+001
0,05800 0,03000 2,14861E+001
0,05900 0,03000 2,25706E+001
0,06000 0,03000 1,86721E+001
0,06100 0,03000 1,45236E+001
0,06200 0,03000 1,55959E+001
0,06300 0,03000 1,80387E+001
0,06400 0,03000 2,11457E+001
0,06500 0,03000 1,80604E+001
0,06600 0,03000 1,20257E+001
0,06700 0,03000 8,88026E+000
0,06800 0,03000 6,67046E+000
0,06900 0,03000 2,43932E+001
0,07000 0,03000 2,80967E+001
0,07100 0,03000 2,02031E+001
0,07200 0,03000 1,84412E+001
0,07300 0,03000 1,22246E+001
0,07400 0,03000 -2,35096E+000
0,07500 0,03000 3,22631E+000
0,07600 0,03000 3,80414E+000
0,07700 0,03000 9,12859E+000
0,07800 0,03000 2,06540E+001
0,07900 0,03000 2,58335E+001
0,08000 0,03000 2,47787E+001
0,00000 0,03100 2,57249E+001
0,00100 0,03100 2,22768E+001
0,00200 0,03100 2,67535E+001
0,00300 0,03100 2,02374E+002
0,00400 0,03100 3,68740E+002
0,00500 0,03100 3,60852E+002
0,00600 0,03100 2,98774E+002
0,00700 0,03100 2,81524E+002
0,00800 0,03100 1,76659E+002
0,00900 0,03100 9,63046E+001
0,01000 0,03100 4,21663E+001
0,01100 0,03100 3,21532E+001
0,01200 0,03100 6,12047E+001
0,01300 0,03100 1,08520E+002
0,01400 0,03100 1,22414E+002
0,01500 0,03100 7,62448E+001
0,01600 0,03100 5,21005E+001
0,01700 0,03100 4,26477E+001
0,01800 0,03100 6,35979E+001
0,01900 0,03100 6,51520E+001
0,02000 0,03100 5,42293E+001
0,02100 0,03100 4,63861E+001
0,02200 0,03100 4,39696E+001
0,02300 0,03100 4,67897E+001
0,02400 0,03100 3,96675E+001
0,02500 0,03100 4,33363E+001
0,02600 0,03100 3,84136E+001
0,02700 0,03100 4,05089E+001
0,02800 0,03100 3,26638E+001
0,02900 0,03100 3,25056E+001
0,03000 0,03100 3,17479E+001
0,03100 0,03100 3,05764E+001
0,03200 0,03100 3,01214E+001
0,03300 0,03100 2,90223E+001
0,03400 0,03100 2,86546E+001
0,03500 0,03100 2,76373E+001
0,03600 0,03100 2,73397E+001
0,03700 0,03100 2,63890E+001
0,03800 0,03100 2,61493E+001
0,03900 0,03100 2,52531E+001
0,04000 0,03100 2,50615E+001
0,04100 0,03100 2,42104E+001
0,04200 0,03100 2,40590E+001
0,04300 0,03100 2,32453E+001
0,04400 0,03100 2,31278E+001
0,04500 0,03100 2,23452E+001
0,04600 0,03100 2,22567E+001
0,04700 0,03100 2,14999E+001
0,04800 0,03100 2,14365E+001
0,04900 0,03100 2,07025E+001
0,05000 0,03100 2,06422E+001
0,05100 0,03100 2,00489E+001
0,05200 0,03100 1,93485E+001
0,05300 0,03100 2,26339E+001
0,05400 0,03100 2,11218E+001
0,05500 0,03100 2,21077E+001
0,05600 0,03100 2,04007E+001
0,05700 0,03100 2,17029E+001
0,05800 0,03100 1,86953E+001
0,05900 0,03100 2,12050E+001
0,06000 0,03100 2,23360E+001
0,06100 0,03100 1,53438E+001
0,06200 0,03100 1,16252E+001
0,06300 0,03100 1,82269E+001
0,06400 0,03100 2,38651E+001
0,06500 0,03100 2,24829E+001
0,06600 0,03100 7,76724E+000
0,06700 0,03100 1,81166E+000
0,06800 0,03100 1,95194E+001
0,06900 0,03100 2,05121E+001
0,07000 0,03100 2,12592E+001
0,07100 0,03100 2,82884E+001
0,07200 0,03100 1,93150E+001
0,07300 0,03100 3,01266E+000
0,07400 0,03100 6,29872E+000
0,07500 0,03100 -1,19128E+000
0,07600 0,03100 1,25538E+000
0,07700 0,03100 1,25252E+001
0,07800 0,03100 2,12084E+001
0,07900 0,03100 2,52431E+001
0,08000 0,03100 2,48770E+001
0,00000 0,03200 2,68729E+001
0,00100 0,03200 2,57270E+001
0,00200 0,03200 2,59655E+001
0,00300 0,03200 2,18127E+002
0,00400 0,03200 3,41938E+002
0,00500 0,03200 3,91052E+002
0,00600 0,03200 3,18771E+002
0,00700 0,03200 2,40609E+002
0,00800 0,03200 2,03632E+002
0,00900 0,03200 8,33864E+001
0,01000 0,03200 3,33255E+001
0,01100 0,03200 3,67241E+001
0,01200 0,03200 6,68161E+001
0,01300 0,03200 1,06279E+002
0,01400 0,03200 1,13548E+002
0,01500 0,03200 8,78902E+001
0,01600 0,03200 4,33962E+001
0,01700 0,03200 4,99680E+001
0,01800 0,03200 5,63270E+001
0,01900 0,03200 6,74985E+001
0,02000 0,03200 5,85452E+001
0,02100 0,03200 4,16880E+001
0,02200 0,03200 4,78823E+001
0,02300 0,03200 4,07632E+001
0,02400 0,03200 4,48780E+001
0,02500 0,03200 3,88588E+001
0,02600 0,03200 4,13009E+001
0,02700 0,03200 3,79482E+001
0,02800 0,03200 3,82553E+001
0,02900 0,03200 3,12027E+001
0,03000 0,03200 3,19461E+001
0,03100 0,03200 3,01237E+001
0,03200 0,03200 3,01979E+001
0,03300 0,03200 2,86015E+001
0,03400 0,03200 2,87400E+001
0,03500 0,03200 2,72397E+001
0,03600 0,03200 2,74319E+001
0,03700 0,03200 2,60139E+001
0,03800 0,03200 2,62468E+001
0,03900 0,03200 2,48988E+001
0,04000 0,03200 2,51626E+001
0,04100 0,03200 2,38747E+001
0,04200 0,03200 2,41618E+001
0,04300 0,03200 2,29258E+001
0,04400 0,03200 2,32302E+001
0,04500 0,03200 2,20397E+001
0,04600 0,03200 2,23562E+001
0,04700 0,03200 2,12067E+001
0,04800 0,03200 2,15303E+001
0,04900 0,03200 2,04140E+001
0,05000 0,03200 2,08140E+001
0,05100 0,03200 1,92571E+001
0,05200 0,03200 2,26351E+001
0,05300 0,03200 2,16512E+001
0,05400 0,03200 2,20569E+001
0,05500 0,03200 2,08383E+001
0,05600 0,03200 2,20608E+001
0,05700 0,03200 2,03494E+001
0,05800 0,03200 2,15148E+001
0,05900 0,03200 2,25759E+001
0,06000 0,03200 1,83840E+001
0,06100 0,03200 1,44186E+001
0,06200 0,03200 1,57576E+001
0,06300 0,03200 1,82956E+001
0,06400 0,03200 2,11731E+001
0,06500 0,03200 1,76516E+001
0,06600 0,03200 1,16823E+001
0,06700 0,03200 9,02087E+000
0,06800 0,03200 7,21610E+000
0,06900 0,03200 2,48366E+001
0,07000 0,03200 2,80723E+001
0,07100 0,03200 2,00039E+001
0,07200 0,03200 1,78550E+001
0,07300 0,03200 1,16528E+001
0,07400 0,03200 -2,46252E+000
0,07500 0,03200 3,26584E+000
0,07600 0,03200 4,13510E+000
0,07700 0,03200 9,82519E+000
0,07800 0,03200 2,14363E+001
0,07900 0,03200 2,57535E+001
0,08000 0,03200 2,47981E+001
0,00000 0,03300 2,67152E+001
0,00100 0,03300 2,11235E+001
0,00200 0,03300 3,20025E+001
0,00300 0,03300 2,22588E+002
0,00400 0,03300 3,81750E+002
0,00500 0,03300 3,62716E+002
0,00600 0,03300 2,98942E+002
0,00700 0,03300 2,81054E+002
0,00800 0,03300 1,72206E+002
0,00900 0,03300 9,12011E+001
0,01000 0,03300 4,07387E+001
0,01100 0,03300 3,28870E+001
0,01200 0,03300 6,40297E+001
0,01300 0,03300 1,10743E+002
0,01400 0,03300 1,22231E+002
0,01500 0,03300 7,44502E+001
0,01600 0,03300 5,10160E+001
0,01700 0,03300 4,32940E+001
0,01800 0,03300 6,44331E+001
0,01900 0,03300 6,51492E+001
0,02000 0,03300 5,34360E+001
0,02100 0,03300 4,57478E+001
0,02200 0,03300 4,35867E+001
0,02300 0,03300 4,62933E+001
0,02400 0,03300 3,92385E+001
0,02500 0,03300 4,27914E+001
0,02600 0,03300 3,82895E+001
0,02700 0,03300 3,88876E+001
0,02800 0,03300 3,74439E+001
0,02900 0,03300 3,60281E+001
0,03000 0,03300 2,98162E+001
0,03100 0,03300 3,14664E+001
0,03200 0,03300 2,86105E+001
0,03300 0,03300 2,99009E+001
0,03400 0,03300 2,71889E+001
0,03500 0,03300 2,85282E+001
0,03600 0,03300 2,59206E+001
0,03700 0,03300 2,72891E+001
0,03800 0,03300 2,47740E+001
0,03900 0,03300 2,61607E+001
0,04000 0,03300 2,37257E+001
0,04100 0,03300 2,51228E+001
0,04200 0,03300 2,27578E+001
0,04300 0,03300 2,41592E+001
0,04400 0,03300 2,18561E+001
0,04500 0,03300 2,32567E+001
0,04600 0,03300 2,10095E+001
0,04700 0,03300 2,24030E+001
0,04800 0,03300 2,02110E+001
0,04900 0,03300 2,16082E+001
0,05000 0,03300 1,91852E+001
0,05100 0,03300 2,25826E+001
0,05200 0,03300 2,22467E+001
0,05300 0,03300 2,20149E+001
0,05400 0,03300 2,12790E+001
0,05500 0,03300 2,20809E+001
0,05600 0,03300 2,04019E+001
0,05700 0,03300 2,16994E+001
0,05800 0,03300 1,86850E+001
0,05900 0,03300 2,12599E+001
0,06000 0,03300 2,21132E+001
0,06100 0,03300 1,51429E+001
0,06200 0,03300 1,17778E+001
0,06300 0,03300 1,85614E+001
0,06400 0,03300 2,39130E+001
0,06500 0,03300 2,20572E+001
0,06600 0,03300 7,29097E+000
0,06700 0,03300 2,04363E+000
0,06800 0,03300 2,01917E+001
0,06900 0,03300 2,06940E+001
0,07000 0,03300 2,13056E+001
0,07100 0,03300 2,82028E+001
0,07200 0,03300 1,85769E+001
0,07300 0,03300 2,38758E+000
0,07400 0,03300 6,33646E+000
0,07500 0,03300 -1,21806E+000
0,07600 0,03300 1,65800E+000
0,07700 0,03300 1,33483E+001
0,07800 0,03300 2,19123E+001
0,07900 0,03300 2,51831E+001
0,08000 0,03300 2,48765E+001
0,00000 0,03400 2,80380E+001
0,00100 0,03400 2,41687E+001
0,00200 0,03400 3,26695E+001
0,00300 0,03400 2,37963E+002
0,00400 0,03400 3,56816E+002
0,00500 0,03400 3,92301E+002
0,00600 0,03400 3,18228E+002
0,00700 0,03400 2,40580E+002
0,00800 0,03400 1,98820E+002
0,00900 0,03400 7,82183E+001
0,01000 0,03400 3,21008E+001
0,01100 0,03400 3,77815E+001
0,01200 0,03400 6,95087E+001
0,01300 0,03400 1,08493E+002
0,01400 0,03400 1,13483E+002
0,01500 0,03400 8,60120E+001
0,01600 0,03400 4,23907E+001
0,01700 0,03400 5,05526E+001
0,01800 0,03400 5,72087E+001
0,01900 0,03400 6,75375E+001
0,02000 0,03400 5,76827E+001
0,02100 0,03400 4,10278E+001
0,02200 0,03400 4,74889E+001
0,02300 0,03400 4,03011E+001
0,02400 0,03400 4,44125E+001
0,02500 0,03400 3,84405E+001
0,02600 0,03400 4,07752E+001
0,02700 0,03400 3,78415E+001
0,02800 0,03400 3,66275E+001
0,02900 0,03400 3,68488E+001
0,03000 0,03400 3,40104E+001
0,03100 0,03400 2,86294E+001
0,03200 0,03400 3,08321E+001
0,03300 0,03400 2,72283E+001
0,03400 0,03400 2,94065E+001
0,03500 0,03400 2,59022E+001
0,03600 0,03400 2,81187E+001
0,03700 0,03400 2,47213E+001
0,03800 0,03400 2,69503E+001
0,03900 0,03400 2,36488E+001
0,04000 0,03400 2,58808E+001
0,04100 0,03400 2,26629E+001
0,04200 0,03400 2,48915E+001
0,04300 0,03400 2,17472E+001
0,04400 0,03400 2,39671E+001
0,04500 0,03400 2,08891E+001
0,04600 0,03400 2,30934E+001
0,04700 0,03400 2,00859E+001
0,04800 0,03400 2,22533E+001
0,04900 0,03400 1,92577E+001
0,05000 0,03400 2,24852E+001
0,05100 0,03400 2,28572E+001
0,05200 0,03400 2,19615E+001
0,05300 0,03400 2,18240E+001
0,05400 0,03400 2,20106E+001
0,05500 0,03400 2,08313E+001
0,05600 0,03400 2,20675E+001
0,05700 0,03400 2,03188E+001
0,05800 0,03400 2,15314E+001
0,05900 0,03400 2,25562E+001
0,06000 0,03400 1,80857E+001
0,06100 0,03400 1,43239E+001
0,06200 0,03400 1,59329E+001
0,06300 0,03400 1,85458E+001
0,06400 0,03400 2,11798E+001
0,06500 0,03400 1,72300E+001
0,06600 0,03400 1,13620E+001
0,06700 0,03400 9,19140E+000
0,06800 0,03400 7,76627E+000
0,06900 0,03400 2,52551E+001
0,07000 0,03400 2,80393E+001
0,07100 0,03400 1,97785E+001
0,07200 0,03400 1,72485E+001
0,07300 0,03400 1,11189E+001
0,07400 0,03400 -2,56314E+000
0,07500 0,03400 3,31682E+000
0,07600 0,03400 4,51081E+000
0,07700 0,03400 1,05145E+001
0,07800 0,03400 2,21901E+001
0,07900 0,03400 2,57251E+001
0,08000 0,03400 2,48053E+001
0,00000 0,03500 2,80331E+001
0,00100 0,03500 1,95362E+001
0,00200 0,03500 4,00338E+001
0,00300 0,03500 2,42960E+002
0,00400 0,03500 3,94517E+002
0,00500 0,03500 3,63933E+002
0,00600 0,03500 2,99205E+002
0,00700 0,03500 2,80433E+002
0,00800 0,03500 1,67424E+002
0,00900 0,03500 8,62317E+001
0,01000 0,03500 3,95089E+001
0,01100 0,03500 3,37499E+001
0,01200 0,03500 6,69225E+001
0,01300 0,03500 1,12877E+002
0,01400 0,03500 1,21932E+002
0,01500 0,03500 7,26058E+001
0,01600 0,03500 5,00075E+001
0,01700 0,03500 4,40028E+001
0,01800 0,03500 6,52569E+001
0,01900 0,03500 6,51030E+001
0,02000 0,03500 5,26268E+001
0,02100 0,03500 4,51424E+001
0,02200 0,03500 4,32224E+001
0,02300 0,03500 4,58206E+001
0,02400 0,03500 3,88072E+001
0,02500 0,03500 4,23392E+001
0,02600 0,03500 3,78847E+001
0,02700 0,03500 3,83844E+001
0,02800 0,03500 3,73316E+001
0,02900 0,03500 3,44818E+001
0,03000 0,03500 3,63193E+001
0,03100 0,03500 3,21930E+001
0,03200 0,03500 2,77113E+001
0,03300 0,03500 3,03391E+001
0,03400 0,03500 2,62448E+001
0,03500 0,03500 2,90183E+001
0,03600 0,03500 2,49889E+001
0,03700 0,03500 2,77920E+001
0,03800 0,03500 2,38664E+001
0,03900 0,03500 2,66728E+001
0,04000 0,03500 2,28402E+001
0,04100 0,03500 2,56416E+001
0,04200 0,03500 2,18901E+001
0,04300 0,03500 2,46810E+001
0,04400 0,03500 2,10014E+001
0,04500 0,03500 2,37744E+001
0,04600 0,03500 2,01715E+001
0,04700 0,03500 2,28807E+001
0,04800 0,03500 1,94204E+001
0,04900 0,03500 2,22725E+001
0,05000 0,03500 2,35825E+001
0,05100 0,03500 2,18985E+001
0,05200 0,03500 2,24316E+001
0,05300 0,03500 2,19570E+001
0,05400 0,03500 2,12635E+001
0,05500 0,03500 2,20715E+001
0,05600 0,03500 2,03737E+001
0,05700 0,03500 2,16804E+001
0,05800 0,03500 1,86609E+001
0,05900 0,03500 2,12920E+001
0,06000 0,03500 2,18793E+001
0,06100 0,03500 1,49513E+001
0,06200 0,03500 1,19455E+001
0,06300 0,03500 1,88891E+001
0,06400 0,03500 2,39391E+001
0,06500 0,03500 2,16180E+001
0,06600 0,03500 6,83707E+000
0,06700 0,03500 2,30771E+000
0,06800 0,03500 2,08639E+001
0,06900 0,03500 2,08484E+001
0,07000 0,03500 2,13482E+001
0,07100 0,03500 2,80889E+001
0,07200 0,03500 1,78170E+001
0,07300 0,03500 1,80105E+000
0,07400 0,03500 6,38454E+000
0,07500 0,03500 -1,23445E+000
0,07600 0,03500 2,11718E+000
0,07700 0,03500 1,41696E+001
0,07800 0,03500 2,25844E+001
0,07900 0,03500 2,51439E+001
0,08000 0,03500 2,48720E+001
0,00000 0,03600 2,94545E+001
0,00100 0,03600 2,21752E+001
0,00200 0,03600 4,25424E+001
0,00300 0,03600 2,57936E+002
0,00400 0,03600 3,71333E+002
0,00500 0,03600 3,92935E+002
0,00600 0,03600 3,17807E+002
0,00700 0,03600 2,40384E+002
0,00800 0,03600 1,93687E+002
0,00900 0,03600 7,32019E+001
0,01000 0,03600 3,10782E+001
0,01100 0,03600 3,89648E+001
0,01200 0,03600 7,22649E+001
0,01300 0,03600 1,10617E+002
0,01400 0,03600 1,13299E+002
0,01500 0,03600 8,40861E+001
0,01600 0,03600 4,14624E+001
0,01700 0,03600 5,11989E+001
0,01800 0,03600 5,80785E+001
0,01900 0,03600 6,75323E+001
0,02000 0,03600 5,68053E+001
0,02100 0,03600 4,04027E+001
0,02200 0,03600 4,71184E+001
0,02300 0,03600 3,98572E+001
0,02400 0,03600 4,39732E+001
0,02500 0,03600 3,80184E+001
0,02600 0,03600 4,03430E+001
0,02700 0,03600 3,74450E+001
0,02800 0,03600 3,61597E+001
0,02900 0,03600 3,66892E+001
0,03000 0,03600 3,27110E+001
0,03100 0,03600 3,55234E+001
0,03200 0,03600 3,07646E+001
0,03300 0,03600 2,68012E+001
0,03400 0,03600 2,96147E+001
0,03500 0,03600 2,53107E+001
0,03600 0,03600 2,83857E+001
0,03700 0,03600 2,41272E+001
0,03800 0,03600 2,72268E+001
0,03900 0,03600 2,30612E+001
0,04000 0,03600 2,61610E+001
0,04100 0,03600 2,20775E+001
0,04200 0,03600 2,51703E+001
0,04300 0,03600 2,11583E+001
0,04400 0,03600 2,42365E+001
0,04500 0,03600 2,02995E+001
0,04600 0,03600 2,33104E+001
0,04700 0,03600 1,96098E+001
0,04800 0,03600 2,22670E+001
0,04900 0,03600 2,40530E+001
0,05000 0,03600 2,19308E+001
0,05100 0,03600 2,30244E+001
0,05200 0,03600 2,19064E+001
0,05300 0,03600 2,18072E+001
0,05400 0,03600 2,19839E+001
0,05500 0,03600 2,07925E+001
0,05600 0,03600 2,20574E+001
0,05700 0,03600 2,02697E+001
0,05800 0,03600 2,15341E+001
0,05900 0,03600 2,25122E+001
0,06000 0,03600 1,77784E+001
0,06100 0,03600 1,42401E+001
0,06200 0,03600 1,61210E+001
0,06300 0,03600 1,87883E+001
0,06400 0,03600 2,11656E+001
0,06500 0,03600 1,67972E+001
0,06600 0,03600 1,10658E+001
0,06700 0,03600 9,39180E+000
0,06800 0,03600 8,31798E+000
0,06900 0,03600 2,56494E+001
0,07000 0,03600 2,79978E+001
0,07100 0,03600 1,95251E+001
0,07200 0,03600 1,66251E+001
0,07300 0,03600 1,06251E+001
0,07400 0,03600 -2,65650E+000
0,07500 0,03600 3,38063E+000
0,07600 0,03600 4,93446E+000
0,07700 0,03600 1,11958E+001
0,07800 0,03600 2,29225E+001
0,07900 0,03600 2,56950E+001
0,08000 0,03600 2,48159E+001
0,00000 0,03700 2,96364E+001
0,00100 0,03700 1,75046E+001
0,00200 0,03700 5,15792E+001
0,00300 0,03700 2,63348E+002
0,00400 0,03700 4,06943E+002
0,00500 0,03700 3,64592E+002
0,00600 0,03700 2,99568E+002
0,00700 0,03700 2,79626E+002
0,00800 0,03700 1,62332E+002
0,00900 0,03700 8,14216E+001
0,01000 0,03700 3,84685E+001
0,01100 0,03700 3,47438E+001
0,01200 0,03700 6,98730E+001
0,01300 0,03700 1,14916E+002
0,01400 0,03700 1,21516E+002
0,01500 0,03700 7,07173E+001
0,01600 0,03700 4,90798E+001
0,01700 0,03700 4,47708E+001
0,01800 0,03700 6,60660E+001
0,01900 0,03700 6,50138E+001
0,02000 0,03700 5,18056E+001
0,02100 0,03700 4,45734E+001
0,02200 0,03700 4,28807E+001
0,02300 0,03700 4,53699E+001
0,02400 0,03700 3,83966E+001
0,02500 0,03700 4,19120E+001
0,02600 0,03700 3,74759E+001
0,02700 0,03700 3,79725E+001
0,02800 0,03700 3,69400E+001
0,02900 0,03700 3,40690E+001
0,03000 0,03700 3,60481E+001
0,03100 0,03700 3,13911E+001
0,03200 0,03700 3,48833E+001
0,03300 0,03700 2,92691E+001
0,03400 0,03700 2,63672E+001
0,03500 0,03700 2,86625E+001
0,03600 0,03700 2,49154E+001
0,03700 0,03700 2,75081E+001
0,03800 0,03700 2,37855E+001
0,03900 0,03700 2,64082E+001
0,04000 0,03700 2,27551E+001
0,04100 0,03700 2,53869E+001
0,04200 0,03700 2,17929E+001
0,04300 0,03700 2,44253E+001
0,04400 0,03700 2,08910E+001
0,04500 0,03700 2,34701E+001
0,04600 0,03700 2,01829E+001
0,04700 0,03700 2,20395E+001
0,04800 0,03700 2,46341E+001
0,04900 0,03700 2,20065E+001
0,05000 0,03700 2,36923E+001
0,05100 0,03700 2,18618E+001
0,05200 0,03700 2,24165E+001
0,05300 0,03700 2,19184E+001
0,05400 0,03700 2,12144E+001
0,05500 0,03700 2,20439E+001
0,05600 0,03700 2,03256E+001
0,05700 0,03700 2,16437E+001
0,05800 0,03700 1,86237E+001
0,05900 0,03700 2,13013E+001
0,06000 0,03700 2,16355E+001
0,06100 0,03700 1,47698E+001
0,06200 0,03700 1,21274E+001
0,06300 0,03700 1,92089E+001
0,06400 0,03700 2,39432E+001
0,06500 0,03700 2,11669E+001
0,06600 0,03700 6,40653E+000
0,06700 0,03700 2,60376E+000
0,06800 0,03700 2,15330E+001
0,06900 0,03700 2,09763E+001
0,07000 0,03700 2,13869E+001
0,07100 0,03700 2,79449E+001
0,07200 0,03700 1,70387E+001
0,07300 0,03700 1,25501E+000
0,07400 0,03700 6,43955E+000
0,07500 0,03700 -1,23954E+000
0,07600 0,03700 2,63478E+000
0,07700 0,03700 1,49907E+001
0,07800 0,03700 2,32284E+001
0,07900 0,03700 2,50922E+001
0,08000 0,03700 2,48740E+001
0,00000 0,03800 3,10730E+001
0,00100 0,03800 1,97831E+001
0,00200 0,03800 5,61630E+001
0,00300 0,03800 2,77908E+002
0,00400 0,03800 3,85376E+002
0,00500 0,03800 3,93046E+002
0,00600 0,03800 3,17511E+002
0,00700 0,03800 2,39988E+002
0,00800 0,03800 1,88254E+002
0,00900 0,03800 6,83613E+001
0,01000 0,03800 3,02487E+001
0,01100 0,03800 4,02760E+001
0,01200 0,03800 7,50743E+001
0,01300 0,03800 1,12647E+002
0,01400 0,03800 1,12996E+002
0,01500 0,03800 8,21184E+001
0,01600 0,03800 4,06161E+001
0,01700 0,03800 5,19035E+001
0,01800 0,03800 5,89332E+001
0,01900 0,03800 6,74836E+001
0,02000 0,03800 5,59168E+001
0,02100 0,03800 3,98168E+001
0,02200 0,03800 4,67728E+001
0,02300 0,03800 3,94363E+001
0,02400 0,03800 4,35586E+001
0,02500 0,03800 3,76165E+001
0,02600 0,03800 3,99339E+001
0,02700 0,03800 3,70489E+001
0,02800 0,03800 3,57714E+001
0,02900 0,03800 3,63046E+001
0,03000 0,03800 3,23580E+001
0,03100 0,03800 3,51303E+001
0,03200 0,03800 3,05001E+001
0,03300 0,03800 3,37172E+001
0,03400 0,03800 2,80663E+001
0,03500 0,03800 2,58678E+001
0,03600 0,03800 2,76646E+001
0,03700 0,03800 2,44831E+001
0,03800 0,03800 2,65652E+001
0,03900 0,03800 2,33979E+001
0,04000 0,03800 2,55127E+001
0,04100 0,03800 2,23926E+001
0,04200 0,03800 2,45233E+001
0,04300 0,03800 2,14469E+001
0,04400 0,03800 2,35467E+001
0,04500 0,03800 2,07010E+001
0,04600 0,03800 2,19907E+001
0,04700 0,03800 2,48531E+001
0,04800 0,03800 2,23247E+001
0,04900 0,03800 2,40832E+001
0,05000 0,03800 2,19191E+001
0,05100 0,03800 2,30144E+001
0,05200 0,03800 2,18612E+001
0,05300 0,03800 2,17564E+001
0,05400 0,03800 2,19373E+001
0,05500 0,03800 2,07323E+001
0,05600 0,03800 2,20279E+001
0,05700 0,03800 2,02030E+001
0,05800 0,03800 2,15227E+001
0,05900 0,03800 2,24442E+001
0,06000 0,03800 1,74633E+001
0,06100 0,03800 1,41677E+001
0,06200 0,03800 1,63213E+001
0,06300 0,03800 1,90220E+001
0,06400 0,03800 2,11304E+001
0,06500 0,03800 1,63548E+001
0,06600 0,03800 1,07948E+001
0,06700 0,03800 9,62183E+000
0,06800 0,03800 8,86830E+000
0,06900 0,03800 2,60204E+001
0,07000 0,03800 2,79476E+001
0,07100 0,03800 1,92420E+001
0,07200 0,03800 1,59884E+001
0,07300 0,03800 1,01730E+001
0,07400 0,03800 -2,74570E+000
0,07500 0,03800 3,45894E+000
0,07600 0,03800 5,40683E+000
0,07700 0,03800 1,18714E+001
0,07800 0,03800 2,36335E+001
0,07900 0,03800 2,56527E+001
0,08000 0,03800 2,48336E+001
0,00000 0,03900 3,13855E+001
0,00100 0,03900 1,51418E+001
0,00200 0,03900 6,69908E+001
0,00300 0,03900 2,83634E+002
0,00400 0,03900 4,18896E+002
0,00500 0,03900 3,64784E+002
0,00600 0,03900 3,00034E+002
0,00700 0,03900 2,78597E+002
0,00800 0,03900 1,56950E+002
0,00900 0,03900 7,67936E+001
0,01000 0,03900 3,76086E+001
0,01100 0,03900 3,58710E+001
0,01200 0,03900 7,28706E+001
0,01300 0,03900 1,16858E+002
0,01400 0,03900 1,20984E+002
0,01500 0,03900 6,87906E+001
0,01600 0,03900 4,82373E+001
0,01700 0,03900 4,55943E+001
0,01800 0,03900 6,68571E+001
0,01900 0,03900 6,48823E+001
0,02000 0,03900 5,09762E+001
0,02100 0,03900 4,40449E+001
0,02200 0,03900 4,25643E+001
0,02300 0,03900 4,49443E+001
0,02400 0,03900 3,80115E+001
0,02500 0,03900 4,15087E+001
0,02600 0,03900 3,70873E+001
0,02700 0,03900 3,75827E+001
0,02800 0,03900 3,65588E+001
0,02900 0,03900 3,37110E+001
0,03000 0,03900 3,56632E+001
0,03100 0,03900 3,11307E+001
0,03200 0,03900 3,42285E+001
0,03300 0,03900 3,00640E+001
0,03400 0,03900 3,25179E+001
0,03500 0,03900 2,68655E+001
0,03600 0,03900 2,55953E+001
0,03700 0,03900 2,65139E+001
0,03800 0,03900 2,43060E+001
0,03900 0,03900 2,54608E+001
0,04000 0,03900 2,32623E+001
0,04100 0,03900 2,44513E+001
0,04200 0,03900 2,22812E+001
0,04300 0,03900 2,34660E+001
0,04400 0,03900 2,14771E+001
0,04500 0,03900 2,18669E+001
0,04600 0,03900 2,49949E+001
0,04700 0,03900 2,28621E+001
0,04800 0,03900 2,44650E+001
0,04900 0,03900 2,20401E+001
0,05000 0,03900 2,36819E+001
0,05100 0,03900 2,18161E+001
0,05200 0,03900 2,23687E+001
0,05300 0,03900 2,18570E+001
0,05400 0,03900 2,11428E+001
0,05500 0,03900 2,19957E+001
0,05600 0,03900 2,02585E+001
0,05700 0,03900 2,15895E+001
0,05800 0,03900 1,85733E+001
0,05900 0,03900 2,12883E+001
0,06000 0,03900 2,13831E+001
0,06100 0,03900 1,45989E+001
0,06200 0,03900 1,23229E+001
0,06300 0,03900 1,95198E+001
0,06400 0,03900 2,39251E+001
0,06500 0,03900 2,07056E+001
0,06600 0,03900 6,00032E+000
0,06700 0,03900 2,93147E+000
0,06800 0,03900 2,21961E+001
0,06900 0,03900 2,10786E+001
0,07000 0,03900 2,14213E+001
0,07100 0,03900 2,77693E+001
0,07200 0,03900 1,62459E+001
0,07300 0,03900 7,50806E-001
0,07400 0,03900 6,49873E+000
0,07500 0,03900 -1,23202E+000
0,07600 0,03900 3,21010E+000
0,07700 0,03900 1,58144E+001
0,07800 0,03900 2,38429E+001
0,07900 0,03900 2,50217E+001
0,08000 0,03900 2,48847E+001
0,00000 0,04000 3,27208E+001
0,00100 0,04000 1,71715E+001
0,00200 0,04000 7,36064E+001
0,00300 0,04000 2,97782E+002
0,00400 0,04000 3,98798E+002
0,00500 0,04000 3,92725E+002
0,00600 0,04000 3,17340E+002
0,00700 0,04000 2,39352E+002
0,00800 0,04000 1,82544E+002
0,00900 0,04000 6,37184E+001
0,01000 0,04000 2,96028E+001
0,01100 0,04000 4,17169E+001
0,01200 0,04000 7,79261E+001
0,01300 0,04000 1,14581E+002
0,01400 0,04000 1,12574E+002
0,01500 0,04000 8,01149E+001
0,01600 0,04000 3,98558E+001
0,01700 0,04000 5,26626E+001
0,01800 0,04000 5,97695E+001
0,01900 0,04000 6,73917E+001
0,02000 0,04000 5,50212E+001
0,02100 0,04000 3,92740E+001
0,02200 0,04000 4,64547E+001
0,02300 0,04000 3,90416E+001
0,02400 0,04000 4,31719E+001
0,02500 0,04000 3,72401E+001
0,02600 0,04000 3,95481E+001
0,02700 0,04000 3,66750E+001
0,02800 0,04000 3,54056E+001
0,02900 0,04000 3,59427E+001
0,03000 0,04000 3,20326E+001
0,03100 0,04000 3,47487E+001
0,03200 0,04000 3,03066E+001
0,03300 0,04000 3,28485E+001
0,03400 0,04000 2,97550E+001
0,03500 0,04000 3,10016E+001
0,03600 0,04000 2,58127E+001
0,03700 0,04000 2,52997E+001
0,03800 0,04000 2,53868E+001
0,03900 0,04000 2,41298E+001
0,04000 0,04000 2,43784E+001
0,04100 0,04000 2,31279E+001
0,04200 0,04000 2,33932E+001
0,04300 0,04000 2,22564E+001
0,04400 0,04000 2,18670E+001
0,04500 0,04000 2,50284E+001
0,04600 0,04000 2,34457E+001
0,04700 0,04000 2,45113E+001
0,04800 0,04000 2,23850E+001
0,04900 0,04000 2,40622E+001
0,05000 0,04000 2,18758E+001
0,05100 0,04000 2,29731E+001
0,05200 0,04000 2,17893E+001
0,05300 0,04000 2,16815E+001
0,05400 0,04000 2,18690E+001
0,05500 0,04000 2,06518E+001
0,05600 0,04000 2,19793E+001
0,05700 0,04000 2,01194E+001
0,05800 0,04000 2,14972E+001
0,05900 0,04000 2,23528E+001
0,06000 0,04000 1,71416E+001
0,06100 0,04000 1,41074E+001
0,06200 0,04000 1,65329E+001
0,06300 0,04000 1,92459E+001
0,06400 0,04000 2,10742E+001
0,06500 0,04000 1,59045E+001
0,06600 0,04000 1,05498E+001
0,06700 0,04000 9,88108E+000
0,06800 0,04000 9,41439E+000
0,06900 0,04000 2,63692E+001
0,07000 0,04000 2,78883E+001
0,07100 0,04000 1,89281E+001
0,07200 0,04000 1,53422E+001
0,07300 0,04000 9,76353E+000
0,07400 0,04000 -2,83320E+000
0,07500 0,04000 3,55389E+000
0,07600 0,04000 5,92629E+000
0,07700 0,04000 1,25440E+001
0,07800 0,04000 2,43186E+001
0,07900 0,04000 2,55992E+001
0,08000 0,04000 2,48583E+001
0,00000 0,04100 3,30382E+001
0,00100 0,04100 1,27008E+001
0,00200 0,04100 8,60518E+001
0,00300 0,04100 3,03753E+002
0,00400 0,04100 4,30219E+002
0,00500 0,04100 3,64603E+002
0,00600 0,04100 3,00601E+002
0,00700 0,04100 2,77307E+002
0,00800 0,04100 1,51307E+002
0,00900 0,04100 7,23683E+001
0,01000 0,04100 3,69195E+001
0,01100 0,04100 3,71335E+001
0,01200 0,04100 7,59046E+001
0,01300 0,04100 1,18699E+002
0,01400 0,04100 1,20336E+002
0,01500 0,04100 6,68321E+001
0,01600 0,04100 4,74838E+001
0,01700 0,04100 4,64696E+001
0,01800 0,04100 6,76270E+001
0,01900 0,04100 6,47091E+001
0,02000 0,04100 5,01425E+001
0,02100 0,04100 4,35604E+001
0,02200 0,04100 4,22753E+001
0,02300 0,04100 4,45469E+001
0,02400 0,04100 3,76555E+001
0,02500 0,04100 4,11332E+001
0,02600 0,04100 3,67240E+001
0,02700 0,04100 3,72173E+001
0,02800 0,04100 3,62042E+001
0,02900 0,04100 3,33751E+001
0,03000 0,04100 3,53239E+001
0,03100 0,04100 3,08351E+001
0,03200 0,04100 3,38440E+001
0,03300 0,04100 2,99234E+001
0,03400 0,04100 3,14633E+001
0,03500 0,04100 2,96166E+001
0,03600 0,04100 2,94718E+001
0,03700 0,04100 2,49098E+001
0,03800 0,04100 2,50707E+001
0,03900 0,04100 2,43086E+001
0,04000 0,04100 2,40051E+001
0,04100 0,04100 2,33316E+001
0,04200 0,04100 2,30844E+001
0,04300 0,04100 2,19818E+001
0,04400 0,04100 2,49793E+001
0,04500 0,04100 2,42284E+001
0,04600 0,04100 2,44588E+001
0,04700 0,04100 2,29504E+001
0,04800 0,04100 2,44204E+001
0,04900 0,04100 2,19927E+001
0,05000 0,04100 2,36472E+001
0,05100 0,04100 2,17378E+001
0,05200 0,04100 2,22950E+001
0,05300 0,04100 2,17719E+001
0,05400 0,04100 2,10500E+001
0,05500 0,04100 2,19273E+001
0,05600 0,04100 2,01728E+001
0,05700 0,04100 2,15181E+001
0,05800 0,04100 1,85100E+001
0,05900 0,04100 2,12535E+001
0,06000 0,04100 2,11233E+001
0,06100 0,04100 1,44394E+001
0,06200 0,04100 1,25312E+001
0,06300 0,04100 1,98207E+001
0,06400 0,04100 2,38849E+001
0,06500 0,04100 2,02357E+001
0,06600 0,04100 5,61932E+000
0,06700 0,04100 3,29037E+000
0,06800 0,04100 2,28505E+001
0,06900 0,04100 2,11567E+001
0,07000 0,04100 2,14512E+001
0,07100 0,04100 2,75608E+001
0,07200 0,04100 1,54425E+001
0,07300 0,04100 2,89094E-001
0,07400 0,04100 6,55996E+000
0,07500 0,04100 -1,21004E+000
0,07600 0,04100 3,83991E+000
0,07700 0,04100 1,66441E+001
0,07800 0,04100 2,44202E+001
0,07900 0,04100 2,49330E+001
0,08000 0,04100 2,49043E+001
0,00000 0,04200 3,41330E+001
0,00100 0,04200 1,46434E+001
0,00200 0,04200 9,43881E+001
0,00300 0,04200 3,17517E+002
0,00400 0,04200 4,11430E+002
0,00500 0,04200 3,92068E+002
0,00600 0,04200 3,17291E+002
0,00700 0,04200 2,38438E+002
0,00800 0,04200 1,76585E+002
0,00900 0,04200 5,92925E+001
0,01000 0,04200 2,91304E+001
0,01100 0,04200 4,32897E+001
0,01200 0,04200 8,08091E+001
0,01300 0,04200 1,16414E+002
0,01400 0,04200 1,12034E+002
0,01500 0,04200 7,80823E+001
0,01600 0,04200 3,91853E+001
0,01700 0,04200 5,34723E+001
0,01800 0,04200 6,05842E+001
0,01900 0,04200 6,72577E+001
0,02000 0,04200 5,41222E+001
0,02100 0,04200 3,87779E+001
0,02200 0,04200 4,61661E+001
0,02300 0,04200 3,86763E+001
0,02400 0,04200 4,28164E+001
0,02500 0,04200 3,68928E+001
0,02600 0,04200 3,91898E+001
0,02700 0,04200 3,63283E+001
0,02800 0,04200 3,50673E+001
0,02900 0,04200 3,56129E+001
0,03000 0,04200 3,17316E+001
0,03100 0,04200 3,44306E+001
0,03200 0,04200 3,00269E+001
0,03300 0,04200 3,24647E+001
0,03400 0,04200 2,96550E+001
0,03500 0,04200 2,98343E+001
0,03600 0,04200 2,94375E+001
0,03700 0,04200 2,80071E+001
0,03800 0,04200 2,40533E+001
0,03900 0,04200 2,49391E+001
0,04000 0,04200 2,32993E+001
0,04100 0,04200 2,39724E+001
0,04200 0,04200 2,21157E+001
0,04300 0,04200 2,48702E+001
0,04400 0,04200 2,50854E+001
0,04500 0,04200 2,43451E+001
0,04600 0,04200 2,35519E+001
0,04700 0,04200 2,44346E+001
0,04800 0,04200 2,23223E+001
0,04900 0,04200 2,40221E+001
0,05000 0,04200 2,17934E+001
0,05100 0,04200 2,29034E+001
0,05200 0,04200 2,16912E+001
0,05300 0,04200 2,15837E+001
0,05400 0,04200 2,17797E+001
0,05500 0,04200 2,05517E+001
0,05600 0,04200 2,19119E+001
0,05700 0,04200 2,00192E+001
0,05800 0,04200 2,14578E+001
0,05900 0,04200 2,22385E+001
0,06000 0,04200 1,68147E+001
0,06100 0,04200 1,40597E+001
0,06200 0,04200 1,67549E+001
0,06300 0,04200 1,94591E+001
0,06400 0,04200 2,09968E+001
0,06500 0,04200 1,54481E+001
0,06600 0,04200 1,03317E+001
0,06700 0,04200 1,01690E+001
0,06800 0,04200 9,95354E+000
0,06900 0,04200 2,66969E+001
0,07000 0,04200 2,78191E+001
0,07100 0,04200 1,85822E+001
0,07200 0,04200 1,46906E+001
0,07300 0,04200 9,39709E+000
0,07400 0,04200 -2,92079E+000
0,07500 0,04200 3,66816E+000
0,07600 0,04200 6,48890E+000
0,07700 0,04200 1,32165E+001
0,07800 0,04200 2,49646E+001
0,07900 0,04200 2,55369E+001
0,08000 0,04200 2,48897E+001
0,00000 0,04300 3,43063E+001
0,00100 0,04300 1,05174E+001
0,00200 0,04300 1,08073E+002
0,00300 0,04300 3,23699E+002
0,00400 0,04300 4,40735E+002
0,00500 0,04300 3,64143E+002
0,00600 0,04300 3,01265E+002
0,00700 0,04300 2,75719E+002
0,00800 0,04300 1,45431E+002
0,00900 0,04300 6,81639E+001
0,01000 0,04300 3,63915E+001
0,01100 0,04300 3,85335E+001
0,01200 0,04300 7,89636E+001
0,01300 0,04300 1,20437E+002
0,01400 0,04300 1,19572E+002
0,01500 0,04300 6,48484E+001
0,01600 0,04300 4,68229E+001
0,01700 0,04300 4,73926E+001
0,01800 0,04300 6,83727E+001
0,01900 0,04300 6,44951E+001
0,02000 0,04300 4,93083E+001
0,02100 0,04300 4,31236E+001
0,02200 0,04300 4,20161E+001
0,02300 0,04300 4,41806E+001
0,02400 0,04300 3,73319E+001
0,02500 0,04300 4,07890E+001
0,02600 0,04300 3,63902E+001
0,02700 0,04300 3,68813E+001
0,02800 0,04300 3,58806E+001
0,02900 0,04300 3,30711E+001
0,03000 0,04300 3,50240E+001
0,03100 0,04300 3,05652E+001
0,03200 0,04300 3,35396E+001
0,03300 0,04300 2,96491E+001
0,03400 0,04300 3,11006E+001
0,03500 0,04300 2,95191E+001
0,03600 0,04300 2,83312E+001
0,03700 0,04300 2,91891E+001
0,03800 0,04300 2,67314E+001
0,03900 0,04300 2,32914E+001
0,04000 0,04300 2,47237E+001
0,04100 0,04300 2,23119E+001
0,04200 0,04300 2,47795E+001
0,04300 0,04300 2,59455E+001
0,04400 0,04300 2,42546E+001
0,04500 0,04300 2,43389E+001
0,04600 0,04300 2,43512E+001
0,04700 0,04300 2,28674E+001
0,04800 0,04300 2,43616E+001
0,04900 0,04300 2,18998E+001
0,05000 0,04300 2,35806E+001
0,05100 0,04300 2,16301E+001
0,05200 0,04300 2,21959E+001
0,05300 0,04300 2,16643E+001
0,05400 0,04300 2,09367E+001
0,05500 0,04300 2,18393E+001
0,05600 0,04300 2,00691E+001
0,05700 0,04300 2,14302E+001
0,05800 0,04300 1,84339E+001
0,05900 0,04300 2,11975E+001
0,06000 0,04300 2,08573E+001
0,06100 0,04300 1,42916E+001
0,06200 0,04300 1,27513E+001
0,06300 0,04300 2,01106E+001
0,06400 0,04300 2,38226E+001
0,06500 0,04300 1,97592E+001
0,06600 0,04300 5,26440E+000
0,06700 0,04300 3,67978E+000
0,06800 0,04300 2,34933E+001
0,06900 0,04300 2,12118E+001
0,07000 0,04300 2,14756E+001
0,07100 0,04300 2,73185E+001
0,07200 0,04300 1,46325E+001
0,07300 0,04300 -1,30134E-001
0,07400 0,04300 6,62176E+000
0,07500 0,04300 -1,17109E+000
0,07600 0,04300 4,51857E+000
0,07700 0,04300 1,74834E+001
0,07800 0,04300 2,49399E+001
0,07900 0,04300 2,48310E+001
0,08000 0,04300 2,49308E+001
0,00000 0,04400 3,50353E+001
0,00100 0,04400 1,25400E+001
0,00200 0,04400 1,17699E+002
0,00300 0,04400 3,37128E+002
0,00400 0,04400 4,23098E+002
0,00500 0,04400 3,91164E+002
0,00600 0,04400 3,17357E+002
0,00700 0,04400 2,37211E+002
0,00800 0,04400 1,70410E+002
0,00900 0,04400 5,51008E+001
0,01000 0,04400 2,88215E+001
0,01100 0,04400 4,49960E+001
0,01200 0,04400 8,37121E+001
0,01300 0,04400 1,18144E+002
0,01400 0,04400 1,11376E+002
0,01500 0,04400 7,60274E+001
0,01600 0,04400 3,86079E+001
0,01700 0,04400 5,43287E+001
0,01800 0,04400 6,13743E+001
0,01900 0,04400 6,70824E+001
0,02000 0,04400 5,32238E+001
0,02100 0,04400 3,83319E+001
0,02200 0,04400 4,59090E+001
0,02300 0,04400 3,83432E+001
0,02400 0,04400 4,24952E+001
0,02500 0,04400 3,65783E+001
0,02600 0,04400 3,88630E+001
0,02700 0,04400 3,60133E+001
0,02800 0,04400 3,47621E+001
0,02900 0,04400 3,53193E+001
0,03000 0,04400 3,14689E+001
0,03100 0,04400 3,41576E+001
0,03200 0,04400 2,97757E+001
0,03300 0,04400 3,21730E+001
0,03400 0,04400 2,93939E+001
0,03500 0,04400 2,95050E+001
0,03600 0,04400 2,93239E+001
0,03700 0,04400 2,70010E+001
0,03800 0,04400 2,89152E+001
0,03900 0,04400 2,57475E+001
0,04000 0,04400 2,27961E+001
0,04100 0,04400 2,48934E+001
0,04200 0,04400 2,67879E+001
0,04300 0,04400 2,41848E+001
0,04400 0,04400 2,51880E+001
0,04500 0,04400 2,42118E+001
0,04600 0,04400 2,34488E+001
0,04700 0,04400 2,43450E+001
0,04800 0,04400 2,22075E+001
0,04900 0,04400 2,39468E+001
0,05000 0,04400 2,16777E+001
0,05100 0,04400 2,28054E+001
0,05200 0,04400 2,15683E+001
0,05300 0,04400 2,14640E+001
0,05400 0,04400 2,16704E+001
0,05500 0,04400 2,04328E+001
0,05600 0,04400 2,18265E+001
0,05700 0,04400 1,99031E+001
0,05800 0,04400 2,14048E+001
0,05900 0,04400 2,21021E+001
0,06000 0,04400 1,64839E+001
0,06100 0,04400 1,40250E+001
0,06200 0,04400 1,69865E+001
0,06300 0,04400 1,96606E+001
0,06400 0,04400 2,08985E+001
0,06500 0,04400 1,49875E+001
0,06600 0,04400 1,01412E+001
0,06700 0,04400 1,04847E+001
0,06800 0,04400 1,04832E+001
0,06900 0,04400 2,70047E+001
0,07000 0,04400 2,77393E+001
0,07100 0,04400 1,82038E+001
0,07200 0,04400 1,40373E+001
0,07300 0,04400 9,07325E+000
0,07400 0,04400 -3,00971E+000
0,07500 0,04400 3,80510E+000
0,07600 0,04400 7,08861E+000
0,07700 0,04400 1,38925E+001
0,07800 0,04400 2,55411E+001
0,07900 0,04400 2,54706E+001
0,08000 0,04400 2,49258E+001
0,00000 0,04500 3,49437E+001
0,00100 0,04500 8,91181E+000
0,00200 0,04500 1,32221E+002
0,00300 0,04500 3,43504E+002
0,00400 0,04500 4,50278E+002
0,00500 0,04500 3,63493E+002
0,00600 0,04500 3,02019E+002
0,00700 0,04500 2,73796E+002
0,00800 0,04500 1,39355E+002
0,00900 0,04500 6,41959E+001
0,01000 0,04500 3,60151E+001
0,01100 0,04500 4,00726E+001
0,01200 0,04500 8,20363E+001
0,01300 0,04500 1,22070E+002
0,01400 0,04500 1,18692E+002
0,01500 0,04500 6,28468E+001
0,01600 0,04500 4,62577E+001
0,01700 0,04500 4,83593E+001
0,01800 0,04500 6,90911E+001
0,01900 0,04500 6,42414E+001
0,02000 0,04500 4,84775E+001
0,02100 0,04500 4,27375E+001
0,02200 0,04500 4,17883E+001
0,02300 0,04500 4,38481E+001
0,02400 0,04500 3,70434E+001
0,02500 0,04500 4,04795E+001
0,02600 0,04500 3,60896E+001
0,02700 0,04500 3,65791E+001
0,02800 0,04500 3,55928E+001
0,02900 0,04500 3,28053E+001
0,03000 0,04500 3,47674E+001
0,03100 0,04500 3,03389E+001
0,03200 0,04500 3,32857E+001
0,03300 0,04500 2,94099E+001
0,03400 0,04500 3,08352E+001
0,03500 0,04500 2,92740E+001
0,03600 0,04500 2,80626E+001
0,03700 0,04500 2,90380E+001
0,03800 0,04500 2,60444E+001
0,03900 0,04500 2,82880E+001
0,04000 0,04500 2,51460E+001
0,04100 0,04500 2,72918E+001
0,04200 0,04500 2,42416E+001
0,04300 0,04500 2,60130E+001
0,04400 0,04500 2,40992E+001
0,04500 0,04500 2,42215E+001
0,04600 0,04500 2,42262E+001
0,04700 0,04500 2,27266E+001
0,04800 0,04500 2,42632E+001
0,04900 0,04500 2,17703E+001
0,05000 0,04500 2,34818E+001
0,05100 0,04500 2,14950E+001
0,05200 0,04500 2,20730E+001
0,05300 0,04500 2,15355E+001
0,05400 0,04500 2,08041E+001
0,05500 0,04500 2,17328E+001
0,05600 0,04500 1,99482E+001
0,05700 0,04500 2,13264E+001
0,05800 0,04500 1,83456E+001
0,05900 0,04500 2,11211E+001
0,06000 0,04500 2,05866E+001
0,06100 0,04500 1,41561E+001
0,06200 0,04500 1,29824E+001
0,06300 0,04500 2,03887E+001
0,06400 0,04500 2,37381E+001
0,06500 0,04500 1,92777E+001
0,06600 0,04500 4,93635E+000
0,06700 0,04500 4,09883E+000
0,06800 0,04500 2,41221E+001
0,06900 0,04500 2,12451E+001
0,07000 0,04500 2,14938E+001
0,07100 0,04500 2,70419E+001
0,07200 0,04500 1,38201E+001
0,07300 0,04500 -5,07563E-001
0,07400 0,04500 6,68320E+000
0,07500 0,04500 -1,11197E+000
0,07600 0,04500 5,23849E+000
0,07700 0,04500 1,83368E+001
0,07800 0,04500 2,53608E+001
0,07900 0,04500 2,47253E+001
0,08000 0,04500 2,49605E+001
0,00000 0,04600 3,52278E+001
0,00100 0,04600 1,11455E+001
0,00200 0,04600 1,42759E+002
0,00300 0,04600 3,56651E+002
0,00400 0,04600 4,33649E+002
0,00500 0,04600 3,90099E+002
0,00600 0,04600 3,17529E+002
0,00700 0,04600 2,35631E+002
0,00800 0,04600 1,64054E+002
0,00900 0,04600 5,11574E+001
0,01000 0,04600 2,86666E+001
0,01100 0,04600 4,68372E+001
0,01200 0,04600 8,66234E+001
0,01300 0,04600 1,19771E+002
0,01400 0,04600 1,10599E+002
0,01500 0,04600 7,39573E+001
0,01600 0,04600 3,81265E+001
0,01700 0,04600 5,52275E+001
0,01800 0,04600 6,21368E+001
0,01900 0,04600 6,68670E+001
0,02000 0,04600 5,23300E+001
0,02100 0,04600 3,79390E+001
0,02200 0,04600 4,56853E+001
0,02300 0,04600 3,80450E+001
0,02400 0,04600 4,22111E+001
0,02500 0,04600 3,62998E+001
0,02600 0,04600 3,85714E+001
0,02700 0,04600 3,57342E+001
0,02800 0,04600 3,44948E+001
0,02900 0,04600 3,50671E+001
0,03000 0,04600 3,12515E+001
0,03100 0,04600 3,39337E+001
0,03200 0,04600 2,95747E+001
0,03300 0,04600 3,19385E+001
0,03400 0,04600 2,91779E+001
0,03500 0,04600 2,92823E+001
0,03600 0,04600 2,91106E+001
0,03700 0,04600 2,68435E+001
0,03800 0,04600 2,87058E+001
0,03900 0,04600 2,57480E+001
0,04000 0,04600 2,25822E+001
0,04100 0,04600 2,45496E+001
0,04200 0,04600 2,67647E+001
0,04300 0,04600 2,40007E+001
0,04400 0,04600 2,50557E+001
0,04500 0,04600 2,40479E+001
0,04600 0,04600 2,32843E+001
0,04700 0,04600 2,42112E+001
0,04800 0,04600 2,20523E+001
0,04900 0,04600 2,38361E+001
0,05000 0,04600 2,15311E+001
0,05100 0,04600 2,26810E+001
0,05200 0,04600 2,14225E+001
0,05300 0,04600 2,13239E+001
0,05400 0,04600 2,15422E+001
0,05500 0,04600 2,02961E+001
0,05600 0,04600 2,17239E+001
0,05700 0,04600 1,97719E+001
0,05800 0,04600 2,13385E+001
0,05900 0,04600 2,19443E+001
0,06000 0,04600 1,61506E+001
0,06100 0,04600 1,40038E+001
0,06200 0,04600 1,72266E+001
0,06300 0,04600 1,98496E+001
0,06400 0,04600 2,07793E+001
0,06500 0,04600 1,45243E+001
0,06600 0,04600 9,97922E+000
0,06700 0,04600 1,08273E+001
0,06800 0,04600 1,10010E+001
0,06900 0,04600 2,72937E+001
0,07000 0,04600 2,76478E+001
0,07100 0,04600 1,77924E+001
0,07200 0,04600 1,33867E+001
0,07300 0,04600 8,79093E+000
0,07400 0,04600 -3,10060E+000
0,07500 0,04600 3,96865E+000
0,07600 0,04600 7,71799E+000
0,07700 0,04600 1,45761E+001
0,07800 0,04600 2,59983E+001
0,07900 0,04600 2,54093E+001
0,08000 0,04600 2,49628E+001
0,00000 0,04700 3,48056E+001
0,00100 0,04700 8,11540E+000
0,00200 0,04700 1,57828E+002
0,00300 0,04700 3,63209E+002
0,00400 0,04700 4,58716E+002
0,00500 0,04700 3,62732E+002
0,00600 0,04700 3,02853E+002
0,00700 0,04700 2,71503E+002
0,00800 0,04700 1,33117E+002
0,00900 0,04700 6,04773E+001
0,01000 0,04700 3,57811E+001
0,01100 0,04700 4,17522E+001
0,01200 0,04700 8,51112E+001
0,01300 0,04700 1,23596E+002
0,01400 0,04700 1,17696E+002
0,01500 0,04700 6,08343E+001
0,01600 0,04700 4,57908E+001
0,01700 0,04700 4,93653E+001
0,01800 0,04700 6,97795E+001
0,01900 0,04700 6,39492E+001
0,02000 0,04700 4,76541E+001
0,02100 0,04700 4,24052E+001
0,02200 0,04700 4,15937E+001
0,02300 0,04700 4,35519E+001
0,02400 0,04700 3,67929E+001
0,02500 0,04700 4,02077E+001
0,02600 0,04700 3,58257E+001
0,02700 0,04700 3,63146E+001
0,02800 0,04700 3,53452E+001
0,02900 0,04700 3,25829E+001
0,03000 0,04700 3,45596E+001
0,03100 0,04700 3,01638E+001
0,03200 0,04700 3,30881E+001
0,03300 0,04700 2,92290E+001
0,03400 0,04700 3,06369E+001
0,03500 0,04700 2,90898E+001
0,03600 0,04700 2,79414E+001
0,03700 0,04700 2,87897E+001
0,03800 0,04700 2,65505E+001
0,03900 0,04700 2,30525E+001
0,04000 0,04700 2,43775E+001
0,04100 0,04700 2,22238E+001
0,04200 0,04700 2,44148E+001
0,04300 0,04700 2,57633E+001
0,04400 0,04700 2,39088E+001
0,04500 0,04700 2,40329E+001
0,04600 0,04700 2,40552E+001
0,04700 0,04700 2,25418E+001
0,04800 0,04700 2,41266E+001
0,04900 0,04700 2,16075E+001
0,05000 0,04700 2,33531E+001
0,05100 0,04700 2,13349E+001
0,05200 0,04700 2,19278E+001
0,05300 0,04700 2,13870E+001
0,05400 0,04700 2,06535E+001
0,05500 0,04700 2,16087E+001
0,05600 0,04700 1,98110E+001
0,05700 0,04700 2,12076E+001
0,05800 0,04700 1,82453E+001
0,05900 0,04700 2,10251E+001
0,06000 0,04700 2,03124E+001
0,06100 0,04700 1,40334E+001
0,06200 0,04700 1,32234E+001
0,06300 0,04700 2,06542E+001
0,06400 0,04700 2,36318E+001
0,06500 0,04700 1,87930E+001
0,06600 0,04700 4,63592E+000
0,06700 0,04700 4,54645E+000
0,06800 0,04700 2,47346E+001
0,06900 0,04700 2,12580E+001
0,07000 0,04700 2,15046E+001
0,07100 0,04700 2,67307E+001
0,07200 0,04700 1,30094E+001
0,07300 0,04700 -8,44514E-001
0,07400 0,04700 6,74395E+000
0,07500 0,04700 -1,02896E+000
0,07600 0,04700 5,99110E+000
0,07700 0,04700 1,92083E+001
0,07800 0,04700 2,56288E+001
0,07900 0,04700 2,46289E+001
0,08000 0,04700 2,49878E+001
0,00000 0,04800 3,46191E+001
0,00100 0,04800 1,06411E+001
0,00200 0,04800 1,69042E+002
0,00300 0,04800 3,76124E+002
0,00400 0,04800 4,42975E+002
0,00500 0,04800 3,88949E+002
0,00600 0,04800 3,17797E+002
0,00700 0,04800 2,33667E+002
0,00800 0,04800 1,57553E+002
0,00900 0,04800 4,74741E+001
0,01000 0,04800 2,86563E+001
0,01100 0,04800 4,88140E+001
0,01200 0,04800 8,95316E+001
0,01300 0,04800 1,21293E+002
0,01400 0,04800 1,09704E+002
0,01500 0,04800 7,18796E+001
0,01600 0,04800 3,77435E+001
0,01700 0,04800 5,61645E+001
0,01800 0,04800 6,28688E+001
0,01900 0,04800 6,66127E+001
0,02000 0,04800 5,14447E+001
0,02100 0,04800 3,76022E+001
0,02200 0,04800 4,54963E+001
0,02300 0,04800 3,77838E+001
0,02400 0,04800 4,19665E+001
0,02500 0,04800 3,60600E+001
0,02600 0,04800 3,83183E+001
0,02700 0,04800 3,54947E+001
0,02800 0,04800 3,42697E+001
0,02900 0,04800 3,48609E+001
0,03000 0,04800 3,10847E+001
0,03100 0,04800 3,37651E+001
0,03200 0,04800 2,94316E+001
0,03300 0,04800 3,17715E+001
0,03400 0,04800 2,90216E+001
0,03500 0,04800 2,91851E+001
0,03600 0,04800 2,88336E+001
0,03700 0,04800 2,75558E+001
0,03800 0,04800 2,36951E+001
0,03900 0,04800 2,43507E+001
0,04000 0,04800 2,29440E+001
0,04100 0,04800 2,33898E+001
0,04200 0,04800 2,19113E+001
0,04300 0,04800 2,43739E+001
0,04400 0,04800 2,47002E+001
0,04500 0,04800 2,38669E+001
0,04600 0,04800 2,30667E+001
0,04700 0,04800 2,40393E+001
0,04800 0,04800 2,18611E+001
0,04900 0,04800 2,36935E+001
0,05000 0,04800 2,13565E+001
0,05100 0,04800 2,25323E+001
0,05200 0,04800 2,12557E+001
0,05300 0,04800 2,11649E+001
0,05400 0,04800 2,13967E+001
0,05500 0,04800 2,01427E+001
0,05600 0,04800 2,16050E+001
0,05700 0,04800 1,96264E+001
0,05800 0,04800 2,12595E+001
0,05900 0,04800 2,17662E+001
0,06000 0,04800 1,58161E+001
0,06100 0,04800 1,39964E+001
0,06200 0,04800 1,74743E+001
0,06300 0,04800 2,00253E+001
0,06400 0,04800 2,06395E+001
0,06500 0,04800 1,40604E+001
0,06600 0,04800 9,84637E+000
0,06700 0,04800 1,11955E+001
0,06800 0,04800 1,15047E+001
0,06900 0,04800 2,75653E+001
0,07000 0,04800 2,75434E+001
0,07100 0,04800 1,73482E+001
0,07200 0,04800 1,27426E+001
0,07300 0,04800 8,54847E+000
0,07400 0,04800 -3,19359E+000
0,07500 0,04800 4,16307E+000
0,07600 0,04800 8,36950E+000
0,07700 0,04800 1,52690E+001
0,07800 0,04800 2,62863E+001
0,07900 0,04800 2,53648E+001
0,08000 0,04800 2,49953E+001
0,00000 0,04900 3,38494E+001
0,00100 0,04900 8,25937E+000
0,00200 0,04900 1,84507E+002
0,00300 0,04900 3,82858E+002
0,00400 0,04900 4,65968E+002
0,00500 0,04900 3,61932E+002
0,00600 0,04900 3,03756E+002
0,00700 0,04900 2,68807E+002
0,00800 0,04900 1,26753E+002
0,00900 0,04900 5,70184E+001
0,01000 0,04900 3,56810E+001
0,01100 0,04900 4,35725E+001
0,01200 0,04900 8,81770E+001
0,01300 0,04900 1,25016E+002
0,01400 0,04900 1,16586E+002
0,01500 0,04900 5,88187E+001
0,01600 0,04900 4,54243E+001
0,01700 0,04900 5,04063E+001
0,01800 0,04900 7,04350E+001
0,01900 0,04900 6,36201E+001
0,02000 0,04900 4,68419E+001
0,02100 0,04900 4,21294E+001
0,02200 0,04900 4,14336E+001
0,02300 0,04900 4,32942E+001
0,02400 0,04900 3,65826E+001
0,02500 0,04900 3,99763E+001
0,02600 0,04900 3,56017E+001
0,02700 0,04900 3,60915E+001
0,02800 0,04900 3,51419E+001
0,02900 0,04900 3,24081E+001
0,03000 0,04900 3,44056E+001
0,03100 0,04900 3,00445E+001
0,03200 0,04900 3,29564E+001
0,03300 0,04900 2,91045E+001
0,03400 0,04900 3,05631E+001
0,03500 0,04900 2,88039E+001
0,03600 0,04900 2,87257E+001
0,03700 0,04900 2,43477E+001
0,03800 0,04900 2,42335E+001
0,03900 0,04900 2,36612E+001
0,04000 0,04900 2,31525E+001
0,04100 0,04900 2,27374E+001
0,04200 0,04900 2,23384E+001
0,04300 0,04900 2,15497E+001
0,04400 0,04900 2,43491E+001
0,04500 0,04900 2,36346E+001
0,04600 0,04900 2,38849E+001
0,04700 0,04900 2,23110E+001
0,04800 0,04900 2,39589E+001
0,04900 0,04900 2,14145E+001
0,05000 0,04900 2,31975E+001
0,05100 0,04900 2,11521E+001
0,05200 0,04900 2,17627E+001
0,05300 0,04900 2,12208E+001
0,05400 0,04900 2,04863E+001
0,05500 0,04900 2,14683E+001
0,05600 0,04900 1,96586E+001
0,05700 0,04900 2,10747E+001
0,05800 0,04900 1,81337E+001
0,05900 0,04900 2,09105E+001
0,06000 0,04900 2,00361E+001
0,06100 0,04900 1,39237E+001
0,06200 0,04900 1,34734E+001
0,06300 0,04900 2,09061E+001
0,06400 0,04900 2,35039E+001
0,06500 0,04900 1,83070E+001
0,06600 0,04900 4,36382E+000
0,06700 0,04900 5,02139E+000
0,06800 0,04900 2,53288E+001
0,06900 0,04900 2,12518E+001
0,07000 0,04900 2,15068E+001
0,07100 0,04900 2,63851E+001
0,07200 0,04900 1,22045E+001
0,07300 0,04900 -1,14290E+000
0,07400 0,04900 6,80416E+000
0,07500 0,04900 -9,18105E-001
0,07600 0,04900 6,76846E+000
0,07700 0,04900 2,00974E+001
0,07800 0,04900 2,57080E+001
0,07900 0,04900 2,45529E+001
0,08000 0,04900 2,50075E+001
0,00000 0,05000 3,32043E+001
0,00100 0,05000 1,11199E+001
0,00200 0,05000 1,96280E+002
0,00300 0,05000 3,95587E+002
0,00400 0,05000 4,51026E+002
0,00500 0,05000 3,87780E+002
0,00600 0,05000 3,18145E+002
0,00700 0,05000 2,31288E+002
0,00800 0,05000 1,50946E+002
0,00900 0,05000 4,40597E+001
0,01000 0,05000 2,87824E+001
0,01100 0,05000 5,09261E+001
0,01200 0,05000 9,24255E+001
0,01300 0,05000 1,22708E+002
0,01400 0,05000 1,08691E+002
0,01500 0,05000 6,98018E+001
0,01600 0,05000 3,74608E+001
0,01700 0,05000 5,71351E+001
0,01800 0,05000 6,35676E+001
0,01900 0,05000 6,63211E+001
0,02000 0,05000 5,05718E+001
0,02100 0,05000 3,73240E+001
0,02200 0,05000 4,53433E+001
0,02300 0,05000 3,75620E+001
0,02400 0,05000 4,17636E+001
0,02500 0,05000 3,58616E+001
0,02600 0,05000 3,81065E+001
0,02700 0,05000 3,52980E+001
0,02800 0,05000 3,40902E+001
0,02900 0,05000 3,47048E+001
0,03000 0,05000 3,09718E+001
0,03100 0,05000 3,36594E+001
0,03200 0,05000 2,93407E+001
0,03300 0,05000 3,17253E+001
0,03400 0,05000 2,87560E+001
0,03500 0,05000 2,99457E+001
0,03600 0,05000 2,50827E+001
0,03700 0,05000 2,42468E+001
0,03800 0,05000 2,45125E+001
0,03900 0,05000 2,30465E+001
0,04000 0,05000 2,34932E+001
0,04100 0,05000 2,21224E+001
0,04200 0,05000 2,25980E+001
0,04300 0,05000 2,14184E+001
0,04400 0,05000 2,12513E+001
0,04500 0,05000 2,42792E+001
0,04600 0,05000 2,26631E+001
0,04700 0,05000 2,38727E+001
0,04800 0,05000 2,16306E+001
0,04900 0,05000 2,35251E+001
0,05000 0,05000 2,11566E+001
0,05100 0,05000 2,23623E+001
0,05200 0,05000 2,10702E+001
0,05300 0,05000 2,09893E+001
0,05400 0,05000 2,12355E+001
0,05500 0,05000 1,99740E+001
0,05600 0,05000 2,14709E+001
0,05700 0,05000 1,94678E+001
0,05800 0,05000 2,11683E+001
0,05900 0,05000 2,15688E+001
0,06000 0,05000 1,54819E+001
0,06100 0,05000 1,40032E+001
0,06200 0,05000 1,77285E+001
0,06300 0,05000 2,01871E+001
0,06400 0,05000 2,04794E+001
0,06500 0,05000 1,35976E+001
0,06600 0,05000 9,74331E+000
0,06700 0,05000 1,15881E+001
0,06800 0,05000 1,19925E+001
0,06900 0,05000 2,78206E+001
0,07000 0,05000 2,74247E+001
0,07100 0,05000 1,68715E+001
0,07200 0,05000 1,21093E+001
0,07300 0,05000 8,34358E+000
0,07400 0,05000 -3,28832E+000
0,07500 0,05000 4,39259E+000
0,07600 0,05000 9,03706E+000
0,07700 0,05000 1,59671E+001
0,07800 0,05000 2,63920E+001
0,07900 0,05000 2,53459E+001
0,08000 0,05000 2,50190E+001
0,00000 0,05100 3,20984E+001
0,00100 0,05100 9,40824E+000
0,00200 0,05100 2,12086E+002
0,00300 0,05100 4,02494E+002
0,00400 0,05100 4,72012E+002
0,00500 0,05100 3,61154E+002
0,00600 0,05100 3,04712E+002
0,00700 0,05100 2,65682E+002
0,00800 0,05100 1,20302E+002
0,00900 0,05100 5,38267E+001
0,01000 0,05100 3,57074E+001
0,01100 0,05100 4,55331E+001
0,01200 0,05100 9,12227E+001
0,01300 0,05100 1,26327E+002
0,01400 0,05100 1,15360E+002
0,01500 0,05100 5,68077E+001
0,01600 0,05100 4,51600E+001
0,01700 0,05100 5,14777E+001
0,01800 0,05100 7,10550E+001
0,01900 0,05100 6,32555E+001
0,02000 0,05100 4,60447E+001
0,02100 0,05100 4,19125E+001
0,02200 0,05100 4,13093E+001
0,02300 0,05100 4,30770E+001
0,02400 0,05100 3,64146E+001
0,02500 0,05100 3,97876E+001
0,02600 0,05100 3,54202E+001
0,02700 0,05100 3,59126E+001
0,02800 0,05100 3,49862E+001
0,02900 0,05100 3,22838E+001
0,03000 0,05100 3,43113E+001
0,03100 0,05100 2,99754E+001
0,03200 0,05100 3,29328E+001
0,03300 0,05100 2,88956E+001
0,03400 0,05100 3,12032E+001
0,03500 0,05100 2,58852E+001
0,03600 0,05100 2,43572E+001
0,03700 0,05100 2,53484E+001
0,03800 0,05100 2,30299E+001
0,03900 0,05100 2,42441E+001
0,04000 0,05100 2,20405E+001
0,04100 0,05100 2,32767E+001
0,04200 0,05100 2,11968E+001
0,04300 0,05100 2,24102E+001
0,04400 0,05100 2,05937E+001
0,04500 0,05100 2,10091E+001
0,04600 0,05100 2,41830E+001
0,04700 0,05100 2,19309E+001
0,04800 0,05100 2,37941E+001
0,04900 0,05100 2,11890E+001
0,05000 0,05100 2,30205E+001
0,05100 0,05100 2,09492E+001
0,05200 0,05100 2,15803E+001
0,05300 0,05100 2,10388E+001
0,05400 0,05100 2,03045E+001
0,05500 0,05100 2,13131E+001
0,05600 0,05100 1,94920E+001
0,05700 0,05100 2,09287E+001
0,05800 0,05100 1,80114E+001
0,05900 0,05100 2,07784E+001
0,06000 0,05100 1,97589E+001
0,06100 0,05100 1,38276E+001
0,06200 0,05100 1,37313E+001
0,06300 0,05100 2,11437E+001
0,06400 0,05100 2,33546E+001
0,06500 0,05100 1,78214E+001
0,06600 0,05100 4,12068E+000
0,06700 0,05100 5,52218E+000
0,06800 0,05100 2,59027E+001
0,06900 0,05100 2,12278E+001
0,07000 0,05100 2,14991E+001
0,07100 0,05100 2,60054E+001
0,07200 0,05100 1,14097E+001
0,07300 0,05100 -1,40516E+000
0,07400 0,05100 6,86448E+000
0,07500 0,05100 -7,75592E-001
0,07600 0,05100 7,56447E+000
0,07700 0,05100 2,09964E+001
0,07800 0,05100 2,56132E+001
0,07900 0,05100 2,45010E+001
0,08000 0,05100 2,50171E+001
0,00000 0,05200 3,10231E+001
0,00100 0,05200 1,26308E+001
0,00200 0,05200 2,24367E+002
0,00300 0,05200 4,15080E+002
0,00400 0,05200 4,57809E+002
0,00500 0,05200 3,86647E+002
0,00600 0,05200 3,18557E+002
0,00700 0,05200 2,28468E+002
0,00800 0,05200 1,44271E+002
0,00900 0,05200 4,09206E+001
0,01000 0,05200 2,90377E+001
0,01100 0,05200 5,31723E+001
0,01200 0,05200 9,52941E+001
0,01300 0,05200 1,24017E+002
0,01400 0,05200 1,07562E+002
0,01500 0,05200 6,77320E+001
0,01600 0,05200 3,72799E+001
0,01700 0,05200 5,81349E+001
0,01800 0,05200 6,42307E+001
0,01900 0,05200 6,59938E+001
0,02000 0,05200 4,97150E+001
0,02100 0,05200 3,71066E+001
0,02200 0,05200 4,52274E+001
0,02300 0,05200 3,73812E+001
0,02400 0,05200 4,16042E+001
0,02500 0,05200 3,57065E+001
0,02600 0,05200 3,79385E+001
0,02700 0,05200 3,51470E+001
0,02800 0,05200 3,39590E+001
0,02900 0,05200 3,46035E+001
0,03000 0,05200 3,09094E+001
0,03100 0,05200 3,36445E+001
0,03200 0,05200 2,92088E+001
0,03300 0,05200 3,21843E+001
0,03400 0,05200 2,68813E+001
0,03500 0,05200 2,45110E+001
0,03600 0,05200 2,62769E+001
0,03700 0,05200 2,30874E+001
0,03800 0,05200 2,51002E+001
0,03900 0,05200 2,20391E+001
0,04000 0,05200 2,40547E+001
0,04100 0,05200 2,11443E+001
0,04200 0,05200 2,31435E+001
0,04300 0,05200 2,03706E+001
0,04400 0,05200 2,23038E+001
0,04500 0,05200 1,98397E+001
0,04600 0,05200 2,09459E+001
0,04700 0,05200 2,40022E+001
0,04800 0,05200 2,12976E+001
0,04900 0,05200 2,33534E+001
0,05000 0,05200 2,09309E+001
0,05100 0,05200 2,21752E+001
0,05200 0,05200 2,08685E+001
0,05300 0,05200 2,07991E+001
0,05400 0,05200 2,10602E+001
0,05500 0,05200 1,97916E+001
0,05600 0,05200 2,13228E+001
0,05700 0,05200 1,92970E+001
0,05800 0,05200 2,10655E+001
0,05900 0,05200 2,13532E+001
0,06000 0,05200 1,51493E+001
0,06100 0,05200 1,40244E+001
0,06200 0,05200 1,79880E+001
0,06300 0,05200 2,03341E+001
0,06400 0,05200 2,02993E+001
0,06500 0,05200 1,31377E+001
0,06600 0,05200 9,67063E+000
0,06700 0,05200 1,20033E+001
0,06800 0,05200 1,24625E+001
0,06900 0,05200 2,80607E+001
0,07000 0,05200 2,72903E+001
0,07100 0,05200 1,63631E+001
0,07200 0,05200 1,14908E+001
0,07300 0,05200 8,17355E+000
0,07400 0,05200 -3,38396E+000
0,07500 0,05200 4,66118E+000
0,07600 0,05200 9,71675E+000
0,07700 0,05200 1,66590E+001
0,07800 0,05200 2,63576E+001
0,07900 0,05200 2,53524E+001
0,08000 0,05200 2,50333E+001
0,00000 0,05300 2,95958E+001
0,00100 0,05300 1,16121E+001
0,00200 0,05300 2,40500E+002
0,00300 0,05300 4,22156E+002
0,00400 0,05300 4,76881E+002
0,00500 0,05300 3,60447E+002
0,00600 0,05300 3,05704E+002
0,00700 0,05300 2,62106E+002
0,00800 0,05300 1,13803E+002
0,00900 0,05300 5,09069E+001
0,01000 0,05300 3,58540E+001
0,01100 0,05300 4,76324E+001
0,01200 0,05300 9,42375E+001
0,01300 0,05300 1,27531E+002
0,01400 0,05300 1,14021E+002
0,01500 0,05300 5,48093E+001
0,01600 0,05300 4,49990E+001
0,01700 0,05300 5,25751E+001
0,01800 0,05300 7,16370E+001
0,01900 0,05300 6,28572E+001
0,02000 0,05300 4,52663E+001
0,02100 0,05300 4,17565E+001
0,02200 0,05300 4,12215E+001
0,02300 0,05300 4,29018E+001
0,02400 0,05300 3,62903E+001
0,02500 0,05300 3,96434E+001
0,02600 0,05300 3,52835E+001
0,02700 0,05300 3,57802E+001
0,02800 0,05300 3,48814E+001
0,02900 0,05300 3,22093E+001
0,03000 0,05300 3,42914E+001
0,03100 0,05300 2,99111E+001
0,03200 0,05300 3,32051E+001
0,03300 0,05300 2,78771E+001
0,03400 0,05300 2,49063E+001
0,03500 0,05300 2,70682E+001
0,03600 0,05300 2,34158E+001
0,03700 0,05300 2,58264E+001
0,03800 0,05300 2,23110E+001
0,03900 0,05300 2,47146E+001
0,04000 0,05300 2,13698E+001
0,04100 0,05300 2,37457E+001
0,04200 0,05300 2,05519E+001
0,04300 0,05300 2,28907E+001
0,04400 0,05300 1,98392E+001
0,04500 0,05300 2,20868E+001
0,04600 0,05300 1,93504E+001
0,04700 0,05300 2,08559E+001
0,04800 0,05300 2,37778E+001
0,04900 0,05300 2,09016E+001
0,05000 0,05300 2,28350E+001
0,05100 0,05300 2,07275E+001
0,05200 0,05300 2,13838E+001
0,05300 0,05300 2,08432E+001
0,05400 0,05300 2,01099E+001
0,05500 0,05300 2,11445E+001
0,05600 0,05300 1,93127E+001
0,05700 0,05300 2,07707E+001
0,05800 0,05300 1,78792E+001
0,05900 0,05300 2,06299E+001
0,06000 0,05300 1,94824E+001
0,06100 0,05300 1,37452E+001
0,06200 0,05300 1,39959E+001
0,06300 0,05300 2,13664E+001
0,06400 0,05300 2,31844E+001
0,06500 0,05300 1,73380E+001
0,06600 0,05300 3,90709E+000
0,06700 0,05300 6,04718E+000
0,06800 0,05300 2,64548E+001
0,06900 0,05300 2,11871E+001
0,07000 0,05300 2,14799E+001
0,07100 0,05300 2,55925E+001
0,07200 0,05300 1,06288E+001
0,07300 0,05300 -1,63412E+000
0,07400 0,05300 6,92597E+000
0,07500 0,05300 -5,97850E-001
0,07600 0,05300 8,37493E+000
0,07700 0,05300 2,18923E+001
0,07800 0,05300 2,54085E+001
0,07900 0,05300 2,44684E+001
0,08000 0,05300 2,50179E+001
0,00000 0,05400 2,80989E+001
0,00100 0,05400 1,52583E+001
0,00200 0,05400 2,53264E+002
0,00300 0,05400 4,34632E+002
0,00400 0,05400 4,63380E+002
0,00500 0,05400 3,85593E+002
0,00600 0,05400 3,19012E+002
0,00700 0,05400 2,25189E+002
0,00800 0,05400 1,37568E+002
0,00900 0,05400 3,80600E+001
0,01000 0,05400 2,94162E+001
0,01100 0,05400 5,55504E+001
0,01200 0,05400 9,81268E+001
0,01300 0,05400 1,25219E+002
0,01400 0,05400 1,06316E+002
0,01500 0,05400 6,56782E+001
0,01600 0,05400 3,72016E+001
0,01700 0,05400 5,91594E+001
0,01800 0,05400 6,48556E+001
0,01900 0,05400 6,56326E+001
0,02000 0,05400 4,88782E+001
0,02100 0,05400 3,69520E+001
0,02200 0,05400 4,51493E+001
0,02300 0,05400 3,72429E+001
0,02400 0,05400 4,14896E+001
0,02500 0,05400 3,55966E+001
0,02600 0,05400 3,78161E+001
0,02700 0,05400 3,50436E+001
0,02800 0,05400 3,38788E+001
0,02900 0,05400 3,45560E+001
0,03000 0,05400 3,09106E+001
0,03100 0,05400 3,36785E+001
0,03200 0,05400 2,92034E+001
0,03300 0,05400 2,52924E+001
0,03400 0,05400 2,78832E+001
0,03500 0,05400 2,37642E+001
0,03600 0,05400 2,65636E+001
0,03700 0,05400 2,25963E+001
0,03800 0,05400 2,53801E+001
0,03900 0,05400 2,16005E+001
0,04000 0,05400 2,43463E+001
0,04100 0,05400 2,07350E+001
0,04200 0,05400 2,34360E+001
0,04300 0,05400 1,99740E+001
0,04400 0,05400 2,26228E+001
0,04500 0,05400 1,93054E+001
0,04600 0,05400 2,18504E+001
0,04700 0,05400 1,88261E+001
0,04800 0,05400 2,09801E+001
0,04900 0,05400 2,31568E+001
0,05000 0,05400 2,06907E+001
0,05100 0,05400 2,19730E+001
0,05200 0,05400 2,06538E+001
0,05300 0,05400 2,05966E+001
0,05400 0,05400 2,08730E+001
0,05500 0,05400 1,95971E+001
0,05600 0,05400 2,11621E+001
0,05700 0,05400 1,91153E+001
0,05800 0,05400 2,09519E+001
0,05900 0,05400 2,11206E+001
0,06000 0,05400 1,48198E+001
0,06100 0,05400 1,40603E+001
0,06200 0,05400 1,82518E+001
0,06300 0,05400 2,04658E+001
0,06400 0,05400 2,00997E+001
0,06500 0,05400 1,26825E+001
0,06600 0,05400 9,62886E+000
0,06700 0,05400 1,24395E+001
0,06800 0,05400 1,29134E+001
0,06900 0,05400 2,82867E+001
0,07000 0,05400 2,71385E+001
0,07100 0,05400 1,58240E+001
0,07200 0,05400 1,08908E+001
0,07300 0,05400 8,03528E+000
0,07400 0,05400 -3,47934E+000
0,07500 0,05400 4,97248E+000
0,07600 0,05400 1,04062E+001
0,07700 0,05400 1,73313E+001
0,07800 0,05400 2,62601E+001
0,07900 0,05400 2,53762E+001
0,08000 0,05400 2,50410E+001
0,00000 0,05500 2,63062E+001
0,00100 0,05500 1,50515E+001
0,00200 0,05500 2,69724E+002
0,00300 0,05500 4,41864E+002
0,00400 0,05500 4,80648E+002
0,00500 0,05500 3,59851E+002
0,00600 0,05500 3,06708E+002
0,00700 0,05500 2,58063E+002
0,00800 0,05500 1,07295E+002
0,00900 0,05500 4,82612E+001
0,01000 0,05500 3,61160E+001
0,01100 0,05500 4,98676E+001
0,01200 0,05500 9,72112E+001
0,01300 0,05500 1,28626E+002
0,01400 0,05500 1,12569E+002
0,01500 0,05500 5,28318E+001
0,01600 0,05500 4,49418E+001
0,01700 0,05500 5,36939E+001
0,01800 0,05500 7,21786E+001
0,01900 0,05500 6,24270E+001
0,02000 0,05500 4,45103E+001
0,02100 0,05500 4,16631E+001
0,02200 0,05500 4,11709E+001
0,02300 0,05500 4,27701E+001
0,02400 0,05500 3,62112E+001
0,02500 0,05500 3,95454E+001
0,02600 0,05500 3,51925E+001
0,02700 0,05500 3,56985E+001
0,02800 0,05500 3,48195E+001
0,02900 0,05500 3,22238E+001
0,03000 0,05500 3,42020E+001
0,03100 0,05500 3,04106E+001
0,03200 0,05500 2,60935E+001
0,03300 0,05500 2,84262E+001
0,03400 0,05500 2,45807E+001
0,03500 0,05500 2,70230E+001
0,03600 0,05500 2,33321E+001
0,03700 0,05500 2,57731E+001
0,03800 0,05500 2,22655E+001
0,03900 0,05500 2,46810E+001
0,04000 0,05500 2,13382E+001
0,04100 0,05500 2,37208E+001
0,04200 0,05500 2,05239E+001
0,04300 0,05500 2,28682E+001
0,04400 0,05500 1,98013E+001
0,04500 0,05500 2,21003E+001
0,04600 0,05500 1,91612E+001
0,04700 0,05500 2,13704E+001
0,04800 0,05500 1,86187E+001
0,04900 0,05500 2,09295E+001
0,05000 0,05500 2,25521E+001
0,05100 0,05500 2,05142E+001
0,05200 0,05500 2,11703E+001
0,05300 0,05500 2,06380E+001
0,05400 0,05500 1,99041E+001
0,05500 0,05500 2,09645E+001
0,05600 0,05500 1,91220E+001
0,05700 0,05500 2,06021E+001
0,05800 0,05500 1,77378E+001
0,05900 0,05500 2,04663E+001
0,06000 0,05500 1,92078E+001
0,06100 0,05500 1,36768E+001
0,06200 0,05500 1,42661E+001
0,06300 0,05500 2,15735E+001
0,06400 0,05500 2,29937E+001
0,06500 0,05500 1,68587E+001
0,06600 0,05500 3,72358E+000
0,06700 0,05500 6,59456E+000
0,06800 0,05500 2,69836E+001
0,06900 0,05500 2,11310E+001
0,07000 0,05500 2,14476E+001
0,07100 0,05500 2,51477E+001
0,07200 0,05500 9,86594E+000
0,07300 0,05500 -1,83289E+000
0,07400 0,05500 6,99001E+000
0,07500 0,05500 -3,81576E-001
0,07600 0,05500 9,19656E+000
0,07700 0,05500 2,27731E+001
0,07800 0,05500 2,51720E+001
0,07900 0,05500 2,44466E+001
0,08000 0,05500 2,50132E+001
0,00000 0,05600 2,42589E+001
0,00100 0,05600 1,94061E+001
0,00200 0,05600 2,82941E+002
0,00300 0,05600 4,54243E+002
0,00400 0,05600 4,67828E+002
0,00500 0,05600 3,84654E+002
0,00600 0,05600 3,19484E+002
0,00700 0,05600 2,21439E+002
0,00800 0,05600 1,30876E+002
0,00900 0,05600 3,54788E+001
0,01000 0,05600 2,99136E+001
0,01100 0,05600 5,80567E+001
0,01200 0,05600 1,00914E+002
0,01300 0,05600 1,26313E+002
0,01400 0,05600 1,04956E+002
0,01500 0,05600 6,36486E+001
0,01600 0,05600 3,72264E+001
0,01700 0,05600 6,02039E+001
0,01800 0,05600 6,54399E+001
0,01900 0,05600 6,52393E+001
0,02000 0,05600 4,80650E+001
0,02100 0,05600 3,68617E+001
0,02200 0,05600 4,51093E+001
0,02300 0,05600 3,71484E+001
0,02400 0,05600 4,14213E+001
0,02500 0,05600 3,55319E+001
0,02600 0,05600 3,77451E+001
0,02700 0,05600 3,49736E+001
0,02800 0,05600 3,39105E+001
0,02900 0,05600 3,43363E+001
0,03000 0,05600 3,18471E+001
0,03100 0,05600 2,68712E+001
0,03200 0,05600 2,86330E+001
0,03300 0,05600 2,54060E+001
0,03400 0,05600 2,71342E+001
0,03500 0,05600 2,40734E+001
0,03600 0,05600 2,58270E+001
0,03700 0,05600 2,29324E+001
0,03800 0,05600 2,46867E+001
0,03900 0,05600 2,19409E+001
0,04000 0,05600 2,36868E+001
0,04100 0,05600 2,10717E+001
0,04200 0,05600 2,28025E+001
0,04300 0,05600 2,03025E+001
0,04400 0,05600 2,20132E+001
0,04500 0,05600 1,96155E+001
0,04600 0,05600 2,12988E+001
0,04700 0,05600 1,90023E+001
0,04800 0,05600 2,06368E+001
0,04900 0,05600 1,83815E+001
0,05000 0,05600 2,10005E+001
0,05100 0,05600 2,16178E+001
0,05200 0,05600 2,04653E+001
0,05300 0,05600 2,03753E+001
0,05400 0,05600 2,06783E+001
0,05500 0,05600 1,93917E+001
0,05600 0,05600 2,09903E+001
0,05700 0,05600 1,89239E+001
0,05800 0,05600 2,08283E+001
0,05900 0,05600 2,08725E+001
0,06000 0,05600 1,44947E+001
0,06100 0,05600 1,41110E+001
0,06200 0,05600 1,85187E+001
0,06300 0,05600 2,05816E+001
0,06400 0,05600 1,98811E+001
0,06500 0,05600 1,22338E+001
0,06600 0,05600 9,61845E+000
0,06700 0,05600 1,28947E+001
0,06800 0,05600 1,33438E+001
0,06900 0,05600 2,84995E+001
0,07000 0,05600 2,69679E+001
0,07100 0,05600 1,52557E+001
0,07200 0,05600 1,03132E+001
0,07300 0,05600 7,92545E+000
0,07400 0,05600 -3,57303E+000
0,07500 0,05600 5,32976E+000
0,07600 0,05600 1,11035E+001
0,07700 0,05600 1,79740E+001
0,07800 0,05600 2,61693E+001
0,07900 0,05600 2,54069E+001
0,08000 0,05600 2,50462E+001
0,00000 0,05700 2,18125E+001
0,00100 0,05700 2,05409E+001
0,00200 0,05700 2,99690E+002
0,00300 0,05700 4,61598E+002
0,00400 0,05700 4,83409E+002
0,00500 0,05700 3,59396E+002
0,00600 0,05700 3,07696E+002
0,00700 0,05700 2,53545E+002
0,00800 0,05700 1,00815E+002
0,00900 0,05700 4,58890E+001
0,01000 0,05700 3,64900E+001
0,01100 0,05700 5,22346E+001
0,01200 0,05700 1,00134E+002
0,01300 0,05700 1,29613E+002
0,01400 0,05700 1,11005E+002
0,01500 0,05700 5,08833E+001
0,01600 0,05700 4,49888E+001
0,01700 0,05700 5,48294E+001
0,01800 0,05700 7,26777E+001
0,01900 0,05700 6,19669E+001
0,02000 0,05700 4,37805E+001
0,02100 0,05700 4,16338E+001
0,02200 0,05700 4,11578E+001
0,02300 0,05700 4,26831E+001
0,02400 0,05700 3,61766E+001
0,02500 0,05700 3,94994E+001
0,02600 0,05700 3,51298E+001
0,02700 0,05700 3,57396E+001
0,02800 0,05700 3,45319E+001
0,02900 0,05700 3,33582E+001
0,03000 0,05700 2,77455E+001
0,03100 0,05700 2,88736E+001
0,03200 0,05700 2,64454E+001
0,03300 0,05700 2,72485E+001
0,03400 0,05700 2,50082E+001
0,03500 0,05700 2,58668E+001
0,03600 0,05700 2,37710E+001
0,03700 0,05700 2,46647E+001
0,03800 0,05700 2,26964E+001
0,03900 0,05700 2,36135E+001
0,04000 0,05700 2,17558E+001
0,04100 0,05700 2,26877E+001
0,04200 0,05700 2,09261E+001
0,04300 0,05700 2,18657E+001
0,04400 0,05700 2,01880E+001
0,04500 0,05700 2,11295E+001
0,04600 0,05700 1,95258E+001
0,04700 0,05700 2,04621E+001
0,04800 0,05700 1,89277E+001
0,04900 0,05700 1,98680E+001
0,05000 0,05700 1,81288E+001
0,05100 0,05700 2,09589E+001
0,05200 0,05700 2,07789E+001
0,05300 0,05700 2,04678E+001
0,05400 0,05700 1,96788E+001
0,05500 0,05700 2,07775E+001
0,05600 0,05700 1,89208E+001
0,05700 0,05700 2,04242E+001
0,05800 0,05700 1,75881E+001
0,05900 0,05700 2,02890E+001
0,06000 0,05700 1,89364E+001
0,06100 0,05700 1,36225E+001
0,06200 0,05700 1,45408E+001
0,06300 0,05700 2,17645E+001
0,06400 0,05700 2,27831E+001
0,06500 0,05700 1,63851E+001
0,06600 0,05700 3,57060E+000
0,06700 0,05700 7,16234E+000
0,06800 0,05700 2,74881E+001
0,06900 0,05700 2,10603E+001
0,07000 0,05700 2,14008E+001
0,07100 0,05700 2,46723E+001
0,07200 0,05700 9,12455E+000
0,07300 0,05700 -2,00475E+000
0,07400 0,05700 7,05820E+000
0,07500 0,05700 -1,23817E-001
0,07600 0,05700 1,00262E+001
0,07700 0,05700 2,36321E+001
0,07800 0,05700 2,49565E+001
0,07900 0,05700 2,44288E+001
0,08000 0,05700 2,50059E+001
0,00000 0,05800 1,87014E+001
0,00100 0,05800 2,65588E+001
0,00200 0,05800 3,13262E+002
0,00300 0,05800 4,73866E+002
0,00400 0,05800 4,71249E+002
0,00500 0,05800 3,83859E+002
0,00600 0,05800 3,19941E+002
0,00700 0,05800 2,17214E+002
0,00800 0,05800 1,24230E+002
0,00900 0,05800 3,31750E+001
0,01000 0,05800 3,05270E+001
0,01100 0,05800 6,06864E+001
0,01200 0,05800 1,03645E+002
0,01300 0,05800 1,27301E+002
0,01400 0,05800 1,03481E+002
0,01500 0,05800 6,16514E+001
0,01600 0,05800 3,73541E+001
0,01700 0,05800 6,12639E+001
0,01800 0,05800 6,59815E+001
0,01900 0,05800 6,48159E+001
0,02000 0,05800 4,72791E+001
0,02100 0,05800 3,68368E+001
0,02200 0,05800 4,51081E+001
0,02300 0,05800 3,70970E+001
0,02400 0,05800 4,14047E+001
0,02500 0,05800 3,54946E+001
0,02600 0,05800 3,77964E+001
0,02700 0,05800 3,46712E+001
0,02800 0,05800 3,50708E+001
0,02900 0,05800 2,87389E+001
0,03000 0,05800 2,90175E+001
0,03100 0,05800 2,75406E+001
0,03200 0,05800 2,72283E+001
0,03300 0,05800 2,59971E+001
0,03400 0,05800 2,57719E+001
0,03500 0,05800 2,46601E+001
0,03600 0,05800 2,45092E+001
0,03700 0,05800 2,34993E+001
0,03800 0,05800 2,34076E+001
0,03900 0,05800 2,24842E+001
0,04000 0,05800 2,24404E+001
0,04100 0,05800 2,15903E+001
0,04200 0,05800 2,15851E+001
0,04300 0,05800 2,07973E+001
0,04400 0,05800 2,08231E+001
0,04500 0,05800 2,00885E+001
0,04600 0,05800 2,01387E+001
0,04700 0,05800 1,94499E+001
0,04800 0,05800 1,95182E+001
0,04900 0,05800 1,88650E+001
0,05000 0,05800 1,90158E+001
0,05100 0,05800 1,79460E+001
0,05200 0,05800 2,09060E+001
0,05300 0,05800 1,99848E+001
0,05400 0,05800 2,05175E+001
0,05500 0,05800 1,91671E+001
0,05600 0,05800 2,08117E+001
0,05700 0,05800 1,87235E+001
0,05800 0,05800 2,06959E+001
0,05900 0,05800 2,06102E+001
0,06000 0,05800 1,41753E+001
0,06100 0,05800 1,41765E+001
0,06200 0,05800 1,87875E+001
0,06300 0,05800 2,06811E+001
0,06400 0,05800 1,96442E+001
0,06500 0,05800 1,17933E+001
0,06600 0,05800 9,63981E+000
0,06700 0,05800 1,33668E+001
0,06800 0,05800 1,37529E+001
0,06900 0,05800 2,86999E+001
0,07000 0,05800 2,67766E+001
0,07100 0,05800 1,46600E+001
0,07200 0,05800 9,76126E+000
0,07300 0,05800 7,84063E+000
0,07400 0,05800 -3,66334E+000
0,07500 0,05800 5,73576E+000
0,07600 0,05800 1,18068E+001
0,07700 0,05800 1,85834E+001
0,07800 0,05800 2,61197E+001
0,07900 0,05800 2,54367E+001
0,08000 0,05800 2,50521E+001
0,00000 0,05900 1,48520E+001
0,00100 0,05900 3,04406E+001
0,00200 0,05900 3,30159E+002
0,00300 0,05900 4,81291E+002
0,00400 0,05900 4,85257E+002
0,00500 0,05900 3,59110E+002
0,00600 0,05900 3,08635E+002
0,00700 0,05900 2,48552E+002
0,00800 0,05900 9,44008E+001
0,00900 0,05900 4,37870E+001
0,01000 0,05900 3,69745E+001
0,01100 0,05900 5,47282E+001
0,01200 0,05900 1,02997E+002
0,01300 0,05900 1,30492E+002
0,01400 0,05900 1,09330E+002
0,01500 0,05900 4,89721E+001
0,01600 0,05900 4,51395E+001
0,01700 0,05900 5,59770E+001
0,01800 0,05900 7,31322E+001
0,01900 0,05900 6,14791E+001
0,02000 0,05900 4,30801E+001
0,02100 0,05900 4,16698E+001
0,02200 0,05900 4,11808E+001
0,02300 0,05900 4,26462E+001
0,02400 0,05900 3,61696E+001
0,02500 0,05900 3,95719E+001
0,02600 0,05900 3,48469E+001
0,02700 0,05900 3,68492E+001
0,02800 0,05900 2,97982E+001
0,02900 0,05900 2,93050E+001
0,03000 0,05900 2,87343E+001
0,03100 0,05900 2,73555E+001
0,03200 0,05900 2,70866E+001
0,03300 0,05900 2,58156E+001
0,03400 0,05900 2,56444E+001
0,03500 0,05900 2,44856E+001
0,03600 0,05900 2,43926E+001
0,03700 0,05900 2,33279E+001
0,03800 0,05900 2,32988E+001
0,03900 0,05900 2,23139E+001
0,04000 0,05900 2,23367E+001
0,04100 0,05900 2,14198E+001
0,04200 0,05900 2,14848E+001
0,04300 0,05900 2,06261E+001
0,04400 0,05900 2,07254E+001
0,04500 0,05900 1,99167E+001
0,04600 0,05900 2,00434E+001
0,04700 0,05900 1,92776E+001
0,04800 0,05900 1,94264E+001
0,04900 0,05900 1,86985E+001
0,05000 0,05900 1,88467E+001
0,05100 0,05900 1,82671E+001
0,05200 0,05900 1,78042E+001
0,05300 0,05900 2,08578E+001
0,05400 0,05900 1,93022E+001
0,05500 0,05900 2,06197E+001
0,05600 0,05900 1,87018E+001
0,05700 0,05900 2,02407E+001
0,05800 0,05900 1,74305E+001
0,05900 0,05900 2,00996E+001
0,06000 0,05900 1,86696E+001
0,06100 0,05900 1,35825E+001
0,06200 0,05900 1,48187E+001
0,06300 0,05900 2,19387E+001
0,06400 0,05900 2,25533E+001
0,06500 0,05900 1,59189E+001
0,06600 0,05900 3,44853E+000
0,06700 0,05900 7,74839E+000
0,06800 0,05900 2,79675E+001
0,06900 0,05900 2,09760E+001
0,07000 0,05900 2,13378E+001
0,07100 0,05900 2,41683E+001
0,07200 0,05900 8,40801E+000
0,07300 0,05900 -2,15302E+000
0,07400 0,05900 7,13241E+000
0,07500 0,05900 1,77743E-001
0,07600 0,05900 1,08606E+001
0,07700 0,05900 2,44680E+001
0,07800 0,05900 2,47775E+001
0,07900 0,05900 2,44123E+001
0,08000 0,05900 2,49972E+001
0,00000 0,06000 9,76519E+000
0,00100 0,06000 3,99794E+001
0,00200 0,06000 3,43861E+002
0,00300 0,06000 4,93405E+002
0,00400 0,06000 4,73732E+002
0,00500 0,06000 3,83231E+002
0,00600 0,06000 3,20344E+002
0,00700 0,06000 2,12517E+002
0,00800 0,06000 1,17668E+002
0,00900 0,06000 3,11442E+001
0,01000 0,06000 3,12552E+001
0,01100 0,06000 6,34333E+001
0,01200 0,06000 1,06312E+002
0,01300 0,06000 1,28182E+002
0,01400 0,06000 1,01895E+002
0,01500 0,06000 5,96951E+001
0,01600 0,06000 3,75843E+001
0,01700 0,06000 6,23347E+001
0,01800 0,06000 6,64785E+001
0,01900 0,06000 6,43646E+001
0,02000 0,06000 4,65242E+001
0,02100 0,06000 3,68771E+001
0,02200 0,06000 4,51491E+001
0,02300 0,06000 3,70753E+001
0,02400 0,06000 4,14927E+001
0,02500 0,06000 3,52869E+001
0,02600 0,06000 3,87208E+001
0,02700 0,06000 3,10266E+001
0,02800 0,06000 2,97202E+001
0,02900 0,06000 2,99626E+001
0,03000 0,06000 2,75916E+001
0,03100 0,06000 2,82030E+001
0,03200 0,06000 2,59601E+001
0,03300 0,06000 2,66532E+001
0,03400 0,06000 2,45584E+001
0,03500 0,06000 2,53088E+001
0,03600 0,06000 2,33410E+001
0,03700 0,06000 2,41351E+001
0,03800 0,06000 2,22768E+001
0,03900 0,06000 2,31038E+001
0,04000 0,06000 2,13406E+001
0,04100 0,06000 2,21918E+001
0,04200 0,06000 2,05118E+001
0,04300 0,06000 2,13802E+001
0,04400 0,06000 1,97732E+001
0,04500 0,06000 2,06531E+001
0,04600 0,06000 1,91105E+001
0,04700 0,06000 1,99972E+001
0,04800 0,06000 1,85116E+001
0,04900 0,06000 1,94011E+001
0,05000 0,06000 1,79708E+001
0,05100 0,06000 1,88299E+001
0,05200 0,06000 1,76066E+001
0,05300 0,06000 1,77441E+001
0,05400 0,06000 2,07870E+001
0,05500 0,06000 1,88243E+001
0,05600 0,06000 2,06539E+001
0,05700 0,06000 1,85088E+001
0,05800 0,06000 2,05573E+001
0,05900 0,06000 2,03346E+001
0,06000 0,06000 1,38633E+001
0,06100 0,06000 1,42569E+001
0,06200 0,06000 1,90570E+001
0,06300 0,06000 2,07636E+001
0,06400 0,06000 1,93896E+001
0,06500 0,06000 1,13627E+001
0,06600 0,06000 9,69322E+000
0,06700 0,06000 1,38536E+001
0,06800 0,06000 1,41397E+001
0,06900 0,06000 2,88886E+001
0,07000 0,06000 2,65632E+001
0,07100 0,06000 1,40390E+001
0,07200 0,06000 9,23806E+000
0,07300 0,06000 7,77738E+000
0,07400 0,06000 -3,74836E+000
0,07500 0,06000 6,19234E+000
0,07600 0,06000 1,25145E+001
0,07700 0,06000 1,91598E+001
0,07800 0,06000 2,61124E+001
0,07900 0,06000 2,54633E+001
0,08000 0,06000 2,50595E+001
0,00000 0,06100 3,70537E+000
0,00100 0,06100 4,85461E+001
0,00200 0,06100 3,60647E+002
0,00300 0,06100 5,00818E+002
0,00400 0,06100 4,86268E+002
0,00500 0,06100 3,59015E+002
0,00600 0,06100 3,09482E+002
0,00700 0,06100 2,43094E+002
0,00800 0,06100 8,80866E+001
0,00900 0,06100 4,19495E+001
0,01000 0,06100 3,75693E+001
0,01100 0,06100 5,73415E+001
0,01200 0,06100 1,05792E+002
0,01300 0,06100 1,31264E+002
0,01400 0,06100 1,07548E+002
0,01500 0,06100 4,71065E+001
0,01600 0,06100 4,53931E+001
0,01700 0,06100 5,71323E+001
0,01800 0,06100 7,35401E+001
0,01900 0,06100 6,09658E+001
0,02000 0,06100 4,24118E+001
0,02100 0,06100 4,17742E+001
0,02200 0,06100 4,12306E+001
0,02300 0,06100 4,26938E+001
0,02400 0,06100 3,60619E+001
0,02500 0,06100 4,02478E+001
0,02600 0,06100 3,25083E+001
0,02700 0,06100 3,01724E+001
0,02800 0,06100 3,13047E+001
0,02900 0,06100 2,78937E+001
0,03000 0,06100 2,94313E+001
0,03100 0,06100 2,61698E+001
0,03200 0,06100 2,77715E+001
0,03300 0,06100 2,46960E+001
0,03400 0,06100 2,63327E+001
0,03500 0,06100 2,34191E+001
0,03600 0,06100 2,50779E+001
0,03700 0,06100 2,23052E+001
0,03800 0,06100 2,39763E+001
0,03900 0,06100 2,13273E+001
0,04000 0,06100 2,30031E+001
0,04100 0,06100 2,04633E+001
0,04200 0,06100 2,21379E+001
0,04300 0,06100 1,96952E+001
0,04400 0,06100 2,13640E+001
0,04500 0,06100 1,90079E+001
0,04600 0,06100 2,06672E+001
0,04700 0,06100 1,83887E+001
0,04800 0,06100 2,00357E+001
0,04900 0,06100 1,78272E+001
0,05000 0,06100 1,94585E+001
0,05100 0,06100 1,73209E+001
0,05200 0,06100 1,88939E+001
0,05300 0,06100 1,70001E+001
0,05400 0,06100 1,78506E+001
0,05500 0,06100 2,07314E+001
0,05600 0,06100 1,84055E+001
0,05700 0,06100 2,00690E+001
0,05800 0,06100 1,72620E+001
0,05900 0,06100 1,99005E+001
0,06000 0,06100 1,84083E+001
0,06100 0,06100 1,35569E+001
0,06200 0,06100 1,50987E+001
0,06300 0,06100 2,20957E+001
0,06400 0,06100 2,23050E+001
0,06500 0,06100 1,54619E+001
0,06600 0,06100 3,35768E+000
0,06700 0,06100 8,35046E+000
0,06800 0,06100 2,84210E+001
0,06900 0,06100 2,08787E+001
0,07000 0,06100 2,12570E+001
0,07100 0,06100 2,36377E+001
0,07200 0,06100 7,71929E+000
0,07300 0,06100 -2,28098E+000
0,07400 0,06100 7,21482E+000
0,07500 0,06100 5,24401E-001
0,07600 0,06100 1,16971E+001
0,07700 0,06100 2,52810E+001
0,07800 0,06100 2,46252E+001
0,07900 0,06100 2,43967E+001
0,08000 0,06100 2,49872E+001
0,00000 0,06200 -3,73696E+000
0,00100 0,06200 6,32011E+001
0,00200 0,06200 3,74205E+002
0,00300 0,06200 5,12697E+002
0,00400 0,06200 4,75347E+002
0,00500 0,06200 3,82793E+002
0,00600 0,06200 3,20647E+002
0,00700 0,06200 2,07361E+002
0,00800 0,06200 1,11224E+002
0,00900 0,06200 2,93794E+001
0,01000 0,06200 3,20988E+001
0,01100 0,06200 6,62898E+001
0,01200 0,06200 1,08907E+002
0,01300 0,06200 1,28956E+002
0,01400 0,06200 1,00198E+002
0,01500 0,06200 5,77878E+001
0,01600 0,06200 3,79158E+001
0,01700 0,06200 6,34118E+001
0,01800 0,06200 6,69291E+001
0,01900 0,06200 6,38871E+001
0,02000 0,06200 4,58046E+001
0,02100 0,06200 3,69789E+001
0,02200 0,06200 4,52482E+001
0,02300 0,06200 3,70229E+001
0,02400 0,06200 4,19133E+001
0,02500 0,06200 3,40459E+001
0,02600 0,06200 3,09060E+001
0,02700 0,06200 3,25137E+001
0,02800 0,06200 2,85020E+001
0,02900 0,06200 3,05198E+001
0,03000 0,06200 2,66785E+001
0,03100 0,06200 2,87533E+001
0,03200 0,06200 2,51279E+001
0,03300 0,06200 2,72245E+001
0,03400 0,06200 2,37883E+001
0,03500 0,06200 2,58934E+001
0,03600 0,06200 2,26225E+001
0,03700 0,06200 2,47265E+001
0,03800 0,06200 2,16011E+001
0,03900 0,06200 2,36968E+001
0,04000 0,06200 2,07004E+001
0,04100 0,06200 2,27825E+001
0,04200 0,06200 1,99012E+001
0,04300 0,06200 2,19656E+001
0,04400 0,06200 1,91875E+001
0,04500 0,06200 2,12312E+001
0,04600 0,06200 1,85461E+001
0,04700 0,06200 2,05667E+001
0,04800 0,06200 1,79657E+001
0,04900 0,06200 1,99618E+001
0,05000 0,06200 1,74374E+001
0,05100 0,06200 1,94057E+001
0,05200 0,06200 1,69617E+001
0,05300 0,06200 1,88549E+001
0,05400 0,06200 1,66577E+001
0,05500 0,06200 1,78989E+001
0,05600 0,06200 2,06386E+001
0,05700 0,06200 1,82504E+001
0,05800 0,06200 2,04216E+001
0,05900 0,06200 2,00453E+001
0,06000 0,06200 1,35603E+001
0,06100 0,06200 1,43520E+001
0,06200 0,06200 1,93261E+001
0,06300 0,06200 2,08289E+001
0,06400 0,06200 1,91182E+001
0,06500 0,06200 1,09437E+001
0,06600 0,06200 9,77891E+000
0,06700 0,06200 1,43527E+001
0,06800 0,06200 1,45040E+001
0,06900 0,06200 2,90661E+001
0,07000 0,06200 2,63261E+001
0,07100 0,06200 1,33950E+001
0,07200 0,06200 8,74631E+000
0,07300 0,06200 7,73233E+000
0,07400 0,06200 -3,82581E+000
0,07500 0,06200 6,70011E+000
0,07600 0,06200 1,32256E+001
0,07700 0,06200 1,97025E+001
0,07800 0,06200 2,61329E+001
0,07900 0,06200 2,54878E+001
0,08000 0,06200 2,50683E+001
0,00000 0,06300 -1,16039E+001
0,00100 0,06300 7,70975E+001
0,00200 0,06300 3,90673E+002
0,00300 0,06300 5,19965E+002
0,00400 0,06300 4,86509E+002
0,00500 0,06300 3,59132E+002
0,00600 0,06300 3,10188E+002
0,00700 0,06300 2,37185E+002
0,00800 0,06300 8,19054E+001
0,00900 0,06300 4,03685E+001
0,01000 0,06300 3,82762E+001
0,01100 0,06300 6,00665E+001
0,01200 0,06300 1,08510E+002
0,01300 0,06300 1,31928E+002
0,01400 0,06300 1,05659E+002
0,01500 0,06300 4,52948E+001
0,01600 0,06300 4,57482E+001
0,01700 0,06300 5,82905E+001
0,01800 0,06300 7,39000E+001
0,01900 0,06300 6,04291E+001
0,02000 0,06300 4,17802E+001
0,02100 0,06300 4,19426E+001
0,02200 0,06300 4,13245E+001
0,02300 0,06300 4,27597E+001
0,02400 0,06300 3,61006E+001
0,02500 0,06300 3,16839E+001
0,02600 0,06300 3,38463E+001
0,02700 0,06300 2,91838E+001
0,02800 0,06300 3,17030E+001
0,02900 0,06300 2,72470E+001
0,03000 0,06300 2,98137E+001
0,03100 0,06300 2,56066E+001
0,03200 0,06300 2,81810E+001
0,03300 0,06300 2,41932E+001
0,03400 0,06300 2,67617E+001
0,03500 0,06300 2,29658E+001
0,03600 0,06300 2,55188E+001
0,03700 0,06300 2,18922E+001
0,03800 0,06300 2,44231E+001
0,03900 0,06300 2,09469E+001
0,04000 0,06300 2,34509E+001
0,04100 0,06300 2,01093E+001
0,04200 0,06300 2,25828E+001
0,04300 0,06300 1,93623E+001
0,04400 0,06300 2,18029E+001
0,04500 0,06300 1,86919E+001
0,04600 0,06300 2,10981E+001
0,04700 0,06300 1,80865E+001
0,04800 0,06300 2,04571E+001
0,04900 0,06300 1,75360E+001
0,05000 0,06300 1,98705E+001
0,05100 0,06300 1,70328E+001
0,05200 0,06300 1,93281E+001
0,05300 0,06300 1,65789E+001
0,05400 0,06300 1,87902E+001
0,05500 0,06300 1,62735E+001
0,05600 0,06300 1,81441E+001
0,05700 0,06300 1,98820E+001
0,05800 0,06300 1,70908E+001
0,05900 0,06300 1,96914E+001
0,06000 0,06300 1,81543E+001
0,06100 0,06300 1,35455E+001
0,06200 0,06300 1,53797E+001
0,06300 0,06300 2,22352E+001
0,06400 0,06300 2,20390E+001
0,06500 0,06300 1,50156E+001
0,06600 0,06300 3,29825E+000
0,06700 0,06300 8,96618E+000
0,06800 0,06300 2,88482E+001
0,06900 0,06300 2,07691E+001
0,07000 0,06300 2,11570E+001
0,07100 0,06300 2,30831E+001
0,07200 0,06300 7,06093E+000
0,07300 0,06300 -2,39177E+000
0,07400 0,06300 7,30794E+000
0,07500 0,06300 9,16152E-001
0,07600 0,06300 1,25340E+001
0,07700 0,06300 2,60681E+001
0,07800 0,06300 2,44830E+001
0,07900 0,06300 2,43829E+001
0,08000 0,06300 2,49756E+001
0,00000 0,06400 -2,01545E+001
0,00100 0,06400 9,63717E+001
0,00200 0,06400 4,03967E+002
0,00300 0,06400 5,31461E+002
0,00400 0,06400 4,76161E+002
0,00500 0,06400 3,82564E+002
0,00600 0,06400 3,20797E+002
0,00700 0,06400 2,01765E+002
0,00800 0,06400 1,04929E+002
0,00900 0,06400 2,78714E+001
0,01000 0,06400 3,30597E+001
0,01100 0,06400 6,92472E+001
0,01200 0,06400 1,11423E+002
0,01300 0,06400 1,29623E+002
0,01400 0,06400 9,83942E+001
0,01500 0,06400 5,59377E+001
0,01600 0,06400 3,83470E+001
0,01700 0,06400 6,44911E+001
0,01800 0,06400 6,73305E+001
0,01900 0,06400 6,33902E+001
0,02000 0,06400 4,51085E+001
0,02100 0,06400 3,71980E+001
0,02200 0,06400 4,51955E+001
0,02300 0,06400 3,77233E+001
0,02400 0,06400 3,27170E+001
0,02500 0,06400 3,45703E+001
0,02600 0,06400 3,01721E+001
0,02700 0,06400 3,22774E+001
0,02800 0,06400 2,80892E+001
0,02900 0,06400 3,02815E+001
0,03000 0,06400 2,63312E+001
0,03100 0,06400 2,85651E+001
0,03200 0,06400 2,48225E+001
0,03300 0,06400 2,70801E+001
0,03400 0,06400 2,35168E+001
0,03500 0,06400 2,57858E+001
0,03600 0,06400 2,23788E+001
0,03700 0,06400 2,46499E+001
0,03800 0,06400 2,13803E+001
0,03900 0,06400 2,36469E+001
0,04000 0,06400 2,04989E+001
0,04100 0,06400 2,27557E+001
0,04200 0,06400 1,97162E+001
0,04300 0,06400 2,19593E+001
0,04400 0,06400 1,90169E+001
0,04500 0,06400 2,12435E+001
0,04600 0,06400 1,83886E+001
0,04700 0,06400 2,05965E+001
0,04800 0,06400 1,78206E+001
0,04900 0,06400 2,00083E+001
0,05000 0,06400 1,73041E+001
0,05100 0,06400 1,94703E+001
0,05200 0,06400 1,68322E+001
0,05300 0,06400 1,89729E+001
0,05400 0,06400 1,64067E+001
0,05500 0,06400 1,84824E+001
0,05600 0,06400 1,60502E+001
0,05700 0,06400 1,83273E+001
0,05800 0,06400 2,01924E+001
0,05900 0,06400 1,97691E+001
0,06000 0,06400 1,32612E+001
0,06100 0,06400 1,44634E+001
0,06200 0,06400 1,95931E+001
0,06300 0,06400 2,08767E+001
0,06400 0,06400 1,88308E+001
0,06500 0,06400 1,05378E+001
0,06600 0,06400 9,89699E+000
0,06700 0,06400 1,48617E+001
0,06800 0,06400 1,48453E+001
0,06900 0,06400 2,92327E+001
0,07000 0,06400 2,60637E+001
0,07100 0,06400 1,27309E+001
0,07200 0,06400 8,28823E+000
0,07300 0,06400 7,70227E+000
0,07400 0,06400 -3,89309E+000
0,07500 0,06400 7,25824E+000
0,07600 0,06400 1,39404E+001
0,07700 0,06400 2,02064E+001
0,07800 0,06400 2,61661E+001
0,07900 0,06400 2,55123E+001
0,08000 0,06400 2,50776E+001
0,00000 0,06500 -2,79550E+001
0,00100 0,06500 1,14086E+002
0,00200 0,06500 4,20113E+002
0,00300 0,06500 5,38396E+002
0,00400 0,06500 4,86048E+002
0,00500 0,06500 3,59476E+002
0,00600 0,06500 3,10698E+002
0,00700 0,06500 2,30849E+002
0,00800 0,06500 7,58882E+001
0,00900 0,06500 3,90339E+001
0,01000 0,06500 3,90981E+001
0,01100 0,06500 6,28941E+001
0,01200 0,06500 1,11146E+002
0,01300 0,06500 1,32484E+002
0,01400 0,06500 1,03668E+002
0,01500 0,06500 4,35447E+001
0,01600 0,06500 4,62037E+001
0,01700 0,06500 5,94450E+001
0,01800 0,06500 7,42176E+001
0,01900 0,06500 5,98451E+001
0,02000 0,06500 4,12813E+001
0,02100 0,06500 4,18323E+001
0,02200 0,06500 4,27417E+001
0,02300 0,06500 3,40956E+001
0,02400 0,06500 3,72500E+001
0,02500 0,06500 3,14531E+001
0,02600 0,06500 3,45532E+001
0,02700 0,06500 2,91371E+001
0,02800 0,06500 3,22396E+001
0,02900 0,06500 2,71789E+001
0,03000 0,06500 3,02434E+001
0,03100 0,06500 2,54971E+001
0,03200 0,06500 2,85079E+001
0,03300 0,06500 2,40390E+001
0,03400 0,06500 2,69866E+001
0,03500 0,06500 2,27648E+001
0,03600 0,06500 2,56429E+001
0,03700 0,06500 2,16431E+001
0,03800 0,06500 2,44478E+001
0,03900 0,06500 2,06490E+001
0,04000 0,06500 2,33779E+001
0,04100 0,06500 1,97625E+001
0,04200 0,06500 2,24144E+001
0,04300 0,06500 1,89670E+001
0,04400 0,06500 2,15417E+001
0,04500 0,06500 1,82490E+001
0,04600 0,06500 2,07469E+001
0,04700 0,06500 1,75973E+001
0,04800 0,06500 2,00192E+001
0,04900 0,06500 1,70024E+001
0,05000 0,06500 1,93494E+001
0,05100 0,06500 1,64565E+001
0,05200 0,06500 1,87299E+001
0,05300 0,06500 1,59534E+001
0,05400 0,06500 1,81517E+001
0,05500 0,06500 1,54945E+001
0,05600 0,06500 1,76020E+001
0,05700 0,06500 1,49875E+001
0,05800 0,06500 1,75624E+001
0,05900 0,06500 1,93072E+001
0,06000 0,06500 1,79526E+001
0,06100 0,06500 1,35363E+001
0,06200 0,06500 1,56636E+001
0,06300 0,06500 2,23558E+001
0,06400 0,06500 2,17565E+001
0,06500 0,06500 1,45816E+001
0,06600 0,06500 3,27036E+000
0,06700 0,06500 9,59313E+000
0,06800 0,06500 2,92491E+001
0,06900 0,06500 2,06476E+001
0,07000 0,06500 2,10363E+001
0,07100 0,06500 2,25072E+001
0,07200 0,06500 6,43504E+000
0,07300 0,06500 -2,48834E+000
0,07400 0,06500 7,41467E+000
0,07500 0,06500 1,35159E+000
0,07600 0,06500 1,33707E+001
0,07700 0,06500 2,68205E+001
0,07800 0,06500 2,43387E+001
0,07900 0,06500 2,43713E+001
0,08000 0,06500 2,49622E+001
0,00000 0,06600 -3,56202E+001
0,00100 0,06600 1,36083E+002
0,00200 0,06600 4,33206E+002
0,00300 0,06600 5,49316E+002
0,00400 0,06600 4,76251E+002
0,00500 0,06600 3,82556E+002
0,00600 0,06600 3,20736E+002
0,00700 0,06600 1,95755E+002
0,00800 0,06600 9,88130E+001
0,00900 0,06600 2,66090E+001
0,01000 0,06600 3,41415E+001
0,01100 0,06600 7,22956E+001
0,01200 0,06600 1,13853E+002
0,01300 0,06600 1,30183E+002
0,01400 0,06600 9,64861E+001
0,01500 0,06600 5,41530E+001
0,01600 0,06600 3,88755E+001
0,01700 0,06600 6,55696E+001
0,01800 0,06600 6,76754E+001
0,01900 0,06600 6,28969E+001
0,02000 0,06600 4,43649E+001
0,02100 0,06600 3,78074E+001
0,02200 0,06600 3,99729E+001
0,02300 0,06600 3,35655E+001
0,02400 0,06600 3,76997E+001
0,02500 0,06600 3,11499E+001
0,02600 0,06600 3,53038E+001
0,02700 0,06600 2,91625E+001
0,02800 0,06600 3,32831E+001
0,02900 0,06600 2,74866E+001
0,03000 0,06600 3,15582E+001
0,03100 0,06600 2,60626E+001
0,03200 0,06600 3,00712E+001
0,03300 0,06600 2,48429E+001
0,03400 0,06600 2,87783E+001
0,03500 0,06600 2,37904E+001
0,03600 0,06600 2,76454E+001
0,03700 0,06600 2,28759E+001
0,03800 0,06600 2,66454E+001
0,03900 0,06600 2,20761E+001
0,04000 0,06600 2,57565E+001
0,04100 0,06600 2,13720E+001
0,04200 0,06600 2,49608E+001
0,04300 0,06600 2,07481E+001
0,04400 0,06600 2,42436E+001
0,04500 0,06600 2,01917E+001
0,04600 0,06600 2,35929E+001
0,04700 0,06600 1,96921E+001
0,04800 0,06600 2,29983E+001
0,04900 0,06600 1,92402E+001
0,05000 0,06600 2,24512E+001
0,05100 0,06600 1,88285E+001
0,05200 0,06600 2,19443E+001
0,05300 0,06600 1,84504E+001
0,05400 0,06600 2,14720E+001
0,05500 0,06600 1,80983E+001
0,05600 0,06600 2,10306E+001
0,05700 0,06600 1,77904E+001
0,05800 0,06600 2,04906E+001
0,05900 0,06600 1,90208E+001
0,06000 0,06600 1,30946E+001
0,06100 0,06600 1,45564E+001
0,06200 0,06600 1,98663E+001
0,06300 0,06600 2,09042E+001
0,06400 0,06600 1,85289E+001
0,06500 0,06600 1,01465E+001
0,06600 0,06600 1,00475E+001
0,06700 0,06600 1,53781E+001
0,06800 0,06600 1,51636E+001
0,06900 0,06600 2,93886E+001
0,07000 0,06600 2,57747E+001
0,07100 0,06600 1,20495E+001
0,07200 0,06600 7,86559E+000
0,07300 0,06600 7,68423E+000
0,07400 0,06600 -3,94723E+000
0,07500 0,06600 7,86452E+000
0,07600 0,06600 1,46599E+001
0,07700 0,06600 2,06595E+001
0,07800 0,06600 2,62040E+001
0,07900 0,06600 2,55380E+001
0,08000 0,06600 2,50866E+001
0,00000 0,06700 -4,17079E+001
0,00100 0,06700 1,55941E+002
0,00200 0,06700 4,49123E+002
0,00300 0,06700 5,55710E+002
0,00400 0,06700 4,84966E+002
0,00500 0,06700 3,60059E+002
0,00600 0,06700 3,10951E+002
0,00700 0,06700 2,24117E+002
0,00800 0,06700 7,00636E+001
0,00900 0,06700 3,79334E+001
0,01000 0,06700 4,00396E+001
0,01100 0,06700 6,58140E+001
0,01200 0,06700 1,13694E+002
0,01300 0,06700 1,32932E+002
0,01400 0,06700 1,01579E+002
0,01500 0,06700 4,18571E+001
0,01600 0,06700 4,67822E+001
0,01700 0,06700 6,05040E+001
0,01800 0,06700 7,47998E+001
0,01900 0,06700 5,81290E+001
0,02000 0,06700 4,47654E+001
0,02100 0,06700 2,61027E+001
0,02200 0,06700 3,31824E+001
0,02300 0,06700 2,36361E+001
0,02400 0,06700 3,03446E+001
0,02500 0,06700 2,13601E+001
0,02600 0,06700 2,81130E+001
0,02700 0,06700 1,94569E+001
0,02800 0,06700 2,62344E+001
0,02900 0,06700 1,78562E+001
0,03000 0,06700 2,46393E+001
0,03100 0,06700 1,64987E+001
0,03200 0,06700 2,32750E+001
0,03300 0,06700 1,53398E+001
0,03400 0,06700 2,21005E+001
0,03500 0,06700 1,43450E+001
0,03600 0,06700 2,10841E+001
0,03700 0,06700 1,34872E+001
0,03800 0,06700 2,02002E+001
0,03900 0,06700 1,27448E+001
0,04000 0,06700 1,94285E+001
0,04100 0,06700 1,21000E+001
0,04200 0,06700 1,87521E+001
0,04300 0,06700 1,15386E+001
0,04400 0,06700 1,81574E+001
0,04500 0,06700 1,10485E+001
0,04600 0,06700 1,76328E+001
0,04700 0,06700 1,06197E+001
0,04800 0,06700 1,71685E+001
0,04900 0,06700 1,02438E+001
0,05000 0,06700 1,67564E+001
0,05100 0,06700 9,91350E+000
0,05200 0,06700 1,63893E+001
0,05300 0,06700 9,62268E+000
0,05400 0,06700 1,60610E+001
0,05500 0,06700 9,36643E+000
0,05600 0,06700 1,57656E+001
0,05700 0,06700 9,13406E+000
0,05800 0,06700 1,55315E+001
0,05900 0,06700 8,54232E+000
0,06000 0,06700 2,03445E+001
0,06100 0,06700 1,28372E+001
0,06200 0,06700 1,61382E+001
0,06300 0,06700 2,24056E+001
0,06400 0,06700 2,14725E+001
0,06500 0,06700 1,41575E+001
0,06600 0,06700 3,27509E+000
0,06700 0,06700 1,02285E+001
0,06800 0,06700 2,96238E+001
0,06900 0,06700 2,05142E+001
0,07000 0,06700 2,08937E+001
0,07100 0,06700 2,19130E+001
0,07200 0,06700 5,84322E+000
0,07300 0,06700 -2,57334E+000
0,07400 0,06700 7,53823E+000
0,07500 0,06700 1,82805E+000
0,07600 0,06700 1,42074E+001
0,07700 0,06700 2,75221E+001
0,07800 0,06700 2,41873E+001
0,07900 0,06700 2,43617E+001
0,08000 0,06700 2,49478E+001
0,00000 0,06800 -4,73849E+001
0,00100 0,06800 1,79561E+002
0,00200 0,06800 4,62104E+002
0,00300 0,06800 5,65872E+002
0,00400 0,06800 4,75705E+002
0,00500 0,06800 3,82781E+002
0,00600 0,06800 3,20399E+002
0,00700 0,06800 1,89364E+002
0,00800 0,06800 9,29040E+001
0,00900 0,06800 2,55793E+001
0,01000 0,06800 3,53487E+001
0,01100 0,06800 7,54241E+001
0,01200 0,06800 1,16191E+002
0,01300 0,06800 1,30636E+002
0,01400 0,06800 9,44784E+001
0,01500 0,06800 5,24379E+001
0,01600 0,06800 3,95107E+001
0,01700 0,06800 6,66015E+001
0,01800 0,06800 6,81073E+001
0,01900 0,06800 6,19043E+001
0,02000 0,06800 4,47283E+001
0,02100 0,06800 4,58858E+001
0,02200 0,06800 4,19651E+001
0,02300 0,06800 4,15460E+001
0,02400 0,06800 3,81129E+001
0,02500 0,06800 3,79888E+001
0,02600 0,06800 3,48380E+001
0,02700 0,06800 3,49807E+001
0,02800 0,06800 3,20524E+001
0,02900 0,06800 3,24076E+001
0,03000 0,06800 2,96597E+001
0,03100 0,06800 3,01865E+001
0,03200 0,06800 2,75877E+001
0,03300 0,06800 2,82545E+001
0,03400 0,06800 2,57809E+001
0,03500 0,06800 2,65628E+001
0,03600 0,06800 2,41964E+001
0,03700 0,06800 2,50733E+001
0,03800 0,06800 2,27999E+001
0,03900 0,06800 2,37553E+001
0,04000 0,06800 2,15640E+001
0,04100 0,06800 2,25842E+001
0,04200 0,06800 2,04664E+001
0,04300 0,06800 2,15400E+001
0,04400 0,06800 1,94889E+001
0,04500 0,06800 2,06060E+001
0,04600 0,06800 1,86162E+001
0,04700 0,06800 1,97683E+001
0,04800 0,06800 1,78356E+001
0,04900 0,06800 1,90153E+001
0,05000 0,06800 1,71363E+001
0,05100 0,06800 1,83371E+001
0,05200 0,06800 1,65091E+001
0,05300 0,06800 1,77251E+001
0,05400 0,06800 1,59460E+001
0,05500 0,06800 1,71720E+001
0,05600 0,06800 1,54405E+001
0,05700 0,06800 1,66730E+001
0,05800 0,06800 1,49776E+001
0,05900 0,06800 1,63258E+001
0,06000 0,06800 1,33141E+001
0,06100 0,06800 1,44458E+001
0,06200 0,06800 2,01940E+001
0,06300 0,06800 2,08977E+001
0,06400 0,06800 1,82174E+001
0,06500 0,06800 9,77021E+000
0,06600 0,06800 1,02307E+001
0,06700 0,06800 1,58993E+001
0,06800 0,06800 1,54590E+001
0,06900 0,06800 2,95338E+001
0,07000 0,06800 2,54579E+001
0,07100 0,06800 1,13541E+001
0,07200 0,06800 7,47967E+000
0,07300 0,06800 7,67555E+000
0,07400 0,06800 -3,98496E+000
0,07500 0,06800 8,51551E+000
0,07600 0,06800 1,53857E+001
0,07700 0,06800 2,10443E+001
0,07800 0,06800 2,62447E+001
0,07900 0,06800 2,55652E+001
0,08000 0,06800 2,50936E+001
0,00000 0,06900 -5,11445E+001
0,00100 0,06900 2,01012E+002
0,00200 0,06900 4,77881E+002
0,00300 0,06900 5,71556E+002
0,00400 0,06900 4,83354E+002
0,00500 0,06900 3,60889E+002
0,00600 0,06900 3,10882E+002
0,00700 0,06900 2,17022E+002
0,00800 0,06900 6,44578E+001
0,00900 0,06900 3,70535E+001
0,01000 0,06900 4,11062E+001
0,01100 0,06900 6,88145E+001
0,01200 0,06900 1,16149E+002
0,01300 0,06900 1,33267E+002
0,01400 0,06900 9,94107E+001
0,01500 0,06900 4,01887E+001
0,01600 0,06900 4,76589E+001
0,01700 0,06900 6,08407E+001
0,01800 0,06900 7,78328E+001
0,01900 0,06900 4,72145E+001
0,02000 0,06900 5,35549E+001
0,02100 0,06900 4,42655E+001
0,02200 0,06900 4,78731E+001
0,02300 0,06900 3,99111E+001
0,02400 0,06900 4,35309E+001
0,02500 0,06900 3,62261E+001
0,02600 0,06900 3,98343E+001
0,02700 0,06900 3,30792E+001
0,02800 0,06900 3,66376E+001
0,02900 0,06900 3,03604E+001
0,03000 0,06900 3,38429E+001
0,03100 0,06900 2,79875E+001
0,03200 0,06900 3,13765E+001
0,03300 0,06900 2,58986E+001
0,03400 0,06900 2,91819E+001
0,03500 0,06900 2,40457E+001
0,03600 0,06900 2,72153E+001
0,03700 0,06900 2,23915E+001
0,03800 0,06900 2,54422E+001
0,03900 0,06900 2,09061E+001
0,04000 0,06900 2,38346E+001
0,04100 0,06900 1,95658E+001
0,04200 0,06900 2,23702E+001
0,04300 0,06900 1,83510E+001
0,04400 0,06900 2,10305E+001
0,04500 0,06900 1,72457E+001
0,04600 0,06900 1,98004E+001
0,04700 0,06900 1,62367E+001
0,04800 0,06900 1,86672E+001
0,04900 0,06900 1,53129E+001
0,05000 0,06900 1,76201E+001
0,05100 0,06900 1,44650E+001
0,05200 0,06900 1,66501E+001
0,05300 0,06900 1,36849E+001
0,05400 0,06900 1,57495E+001
0,05500 0,06900 1,29659E+001
0,05600 0,06900 1,49115E+001
0,05700 0,06900 1,23016E+001
0,05800 0,06900 1,41329E+001
0,05900 0,06900 1,16588E+001
0,06000 0,06900 1,37486E+001
0,06100 0,06900 1,16315E+001
0,06200 0,06900 1,67275E+001
0,06300 0,06900 2,24050E+001
0,06400 0,06900 2,11825E+001
0,06500 0,06900 1,37463E+001
0,06600 0,06900 3,31190E+000
0,06700 0,06900 1,08699E+001
0,06800 0,06900 2,99723E+001
0,06900 0,06900 2,03692E+001
0,07000 0,06900 2,07281E+001
0,07100 0,06900 2,13037E+001
0,07200 0,06900 5,28656E+000
0,07300 0,06900 -2,64908E+000
0,07400 0,06900 7,68216E+000
0,07500 0,06900 2,34184E+000
0,07600 0,06900 1,50444E+001
0,07700 0,06900 2,81527E+001
0,07800 0,06900 2,40292E+001
0,07900 0,06900 2,43531E+001
0,08000 0,06900 2,49361E+001
0,00000 0,07000 -5,44462E+001
0,00100 0,07000 2,25975E+002
0,00200 0,07000 4,90854E+002
0,00300 0,07000 5,80828E+002
0,00400 0,07000 4,74624E+002
0,00500 0,07000 3,83244E+002
0,00600 0,07000 3,19720E+002
0,00700 0,07000 1,82629E+002
0,00800 0,07000 8,72268E+001
0,00900 0,07000 2,47679E+001
0,01000 0,07000 3,66867E+001
0,01100 0,07000 7,86212E+001
0,01200 0,07000 1,18433E+002
0,01300 0,07000 1,30983E+002
0,01400 0,07000 9,23657E+001
0,01500 0,07000 5,08335E+001
0,01600 0,07000 4,01316E+001
0,01700 0,07000 6,80004E+001
0,01800 0,07000 6,71216E+001
0,01900 0,07000 5,83785E+001
0,02000 0,07000 6,38207E+001
0,02100 0,07000 5,22619E+001
0,02200 0,07000 5,87685E+001
0,02300 0,07000 4,77017E+001
0,02400 0,07000 5,44001E+001
0,02500 0,07000 4,38466E+001
0,02600 0,07000 5,06640E+001
0,02700 0,07000 4,05345E+001
0,02800 0,07000 4,74271E+001
0,02900 0,07000 3,76523E+001
0,03000 0,07000 4,45897E+001
0,03100 0,07000 3,51166E+001
0,03200 0,07000 4,20767E+001
0,03300 0,07000 3,28642E+001
0,03400 0,07000 3,98312E+001
0,03500 0,07000 3,08465E+001
0,03600 0,07000 3,78085E+001
0,03700 0,07000 2,90256E+001
0,03800 0,07000 3,59739E+001
0,03900 0,07000 2,73713E+001
0,04000 0,07000 3,42994E+001
0,04100 0,07000 2,58596E+001
0,04200 0,07000 3,27624E+001
0,04300 0,07000 2,44711E+001
0,04400 0,07000 3,13448E+001
0,04500 0,07000 2,31897E+001
0,04600 0,07000 3,00313E+001
0,04700 0,07000 2,20023E+001
0,04800 0,07000 2,88095E+001
0,04900 0,07000 2,08981E+001
0,05000 0,07000 2,76691E+001
0,05100 0,07000 1,98679E+001
0,05200 0,07000 2,66012E+001
0,05300 0,07000 1,89040E+001
0,05400 0,07000 2,55984E+001
0,05500 0,07000 1,79999E+001
0,05600 0,07000 2,46546E+001
0,05700 0,07000 1,71503E+001
0,05800 0,07000 2,37635E+001
0,05900 0,07000 1,63581E+001
0,06000 0,07000 2,28273E+001
0,06100 0,07000 1,54543E+001
0,06200 0,07000 2,17402E+001
0,06300 0,07000 2,05409E+001
0,06400 0,07000 1,79836E+001
0,06500 0,07000 9,38679E+000
0,06600 0,07000 1,04528E+001
0,06700 0,07000 1,64209E+001
0,06800 0,07000 1,57324E+001
0,06900 0,07000 2,96680E+001
0,07000 0,07000 2,51123E+001
0,07100 0,07000 1,06481E+001
0,07200 0,07000 7,13120E+000
0,07300 0,07000 7,67390E+000
0,07400 0,07000 -4,00276E+000
0,07500 0,07000 9,20696E+000
0,07600 0,07000 1,61189E+001
0,07700 0,07000 2,13409E+001
0,07800 0,07000 2,62910E+001
0,07900 0,07000 2,55942E+001
0,08000 0,07000 2,50924E+001
0,00000 0,07100 -5,56343E+001
0,00100 0,07100 2,48891E+002
0,00200 0,07100 5,06610E+002
0,00300 0,07100 5,85697E+002
0,00400 0,07100 4,81319E+002
0,00500 0,07100 3,61972E+002
0,00600 0,07100 3,10426E+002
0,00700 0,07100 2,09606E+002
0,00800 0,07100 5,90949E+001
0,00900 0,07100 3,63793E+001
0,01000 0,07100 4,23040E+001
0,01100 0,07100 7,18840E+001
0,01200 0,07100 1,18505E+002
0,01300 0,07100 1,33492E+002
0,01400 0,07100 9,71547E+001
0,01500 0,07100 3,85938E+001
0,01600 0,07100 4,86669E+001
0,01700 0,07100 6,10226E+001
0,01800 0,07100 4,76279E+001
0,01900 0,07100 5,51440E+001
0,02000 0,07100 4,26278E+001
0,02100 0,07100 5,11072E+001
0,02200 0,07100 3,91769E+001
0,02300 0,07100 4,75998E+001
0,02400 0,07100 3,63353E+001
0,02500 0,07100 4,46246E+001
0,02600 0,07100 3,39302E+001
0,02700 0,07100 4,20635E+001
0,02800 0,07100 3,18646E+001
0,02900 0,07100 3,98297E+001
0,03000 0,07100 3,00683E+001
0,03100 0,07100 3,78585E+001
0,03200 0,07100 2,84887E+001
0,03300 0,07100 3,61010E+001
0,03400 0,07100 2,70858E+001
0,03500 0,07100 3,45196E+001
0,03600 0,07100 2,58286E+001
0,03700 0,07100 3,30848E+001
0,03800 0,07100 2,46925E+001
0,03900 0,07100 3,17730E+001
0,04000 0,07100 2,36581E+001
0,04100 0,07100 3,05655E+001
0,04200 0,07100 2,27099E+001
0,04300 0,07100 2,94470E+001
0,04400 0,07100 2,18349E+001
0,04500 0,07100 2,84049E+001
0,04600 0,07100 2,10229E+001
0,04700 0,07100 2,74290E+001
0,04800 0,07100 2,02651E+001
0,04900 0,07100 2,65105E+001
0,05000 0,07100 1,95544E+001
0,05100 0,07100 2,56424E+001
0,05200 0,07100 1,88847E+001
0,05300 0,07100 2,48184E+001
0,05400 0,07100 1,82509E+001
0,05500 0,07100 2,40335E+001
0,05600 0,07100 1,76487E+001
0,05700 0,07100 2,32833E+001
0,05800 0,07100 1,70747E+001
0,05900 0,07100 2,25619E+001
0,06000 0,07100 1,65515E+001
0,06100 0,07100 2,19116E+001
0,06200 0,07100 1,61045E+001
0,06300 0,07100 2,02665E+001
0,06400 0,07100 2,14586E+001
0,06500 0,07100 1,31930E+001
0,06600 0,07100 3,42353E+000
0,06700 0,07100 1,15030E+001
0,06800 0,07100 3,02985E+001
0,06900 0,07100 2,02114E+001
0,07000 0,07100 2,05388E+001
0,07100 0,07100 2,06826E+001
0,07200 0,07100 4,76566E+000
0,07300 0,07100 -2,71749E+000
0,07400 0,07100 7,85016E+000
0,07500 0,07100 2,88872E+000
0,07600 0,07100 1,58815E+001
0,07700 0,07100 2,86925E+001
0,07800 0,07100 2,38681E+001
0,07900 0,07100 2,43435E+001
0,08000 0,07100 2,49380E+001
0,00000 0,07200 -5,63406E+001
0,00100 0,07200 2,75095E+002
0,00200 0,07200 5,19710E+002
0,00300 0,07200 5,94017E+002
0,00400 0,07200 4,73120E+002
0,00500 0,07200 3,83950E+002
0,00600 0,07200 3,18632E+002
0,00700 0,07200 1,75590E+002
0,00800 0,07200 8,18045E+001
0,00900 0,07200 2,41593E+001
0,01000 0,07200 3,81628E+001
0,01100 0,07200 8,18707E+001
0,01200 0,07200 1,20586E+002
0,01300 0,07200 1,31180E+002
0,01400 0,07200 9,03074E+001
0,01500 0,07200 4,88102E+001
0,01600 0,07200 4,26092E+001
0,01700 0,07200 3,61214E+001
0,01800 0,07200 3,72803E+001
0,01900 0,07200 3,31226E+001
0,02000 0,07200 3,44752E+001
0,02100 0,07200 3,05521E+001
0,02200 0,07200 3,20484E+001
0,02300 0,07200 2,85228E+001
0,02400 0,07200 3,00547E+001
0,02500 0,07200 2,68654E+001
0,02600 0,07200 2,84001E+001
0,02700 0,07200 2,54940E+001
0,02800 0,07200 2,70102E+001
0,02900 0,07200 2,43462E+001
0,03000 0,07200 2,58298E+001
0,03100 0,07200 2,33761E+001
0,03200 0,07200 2,48175E+001
0,03300 0,07200 2,25485E+001
0,03400 0,07200 2,39415E+001
0,03500 0,07200 2,18364E+001
0,03600 0,07200 2,31770E+001
0,03700 0,07200 2,12185E+001
0,03800 0,07200 2,25042E+001
0,03900 0,07200 2,06777E+001
0,04000 0,07200 2,19075E+001
0,04100 0,07200 2,02006E+001
0,04200 0,07200 2,13739E+001
0,04300 0,07200 1,97759E+001
0,04400 0,07200 2,08929E+001
0,04500 0,07200 1,93945E+001
0,04600 0,07200 2,04559E+001
0,04700 0,07200 1,90488E+001
0,04800 0,07200 2,00556E+001
0,04900 0,07200 1,87325E+001
0,05000 0,07200 1,96858E+001
0,05100 0,07200 1,84403E+001
0,05200 0,07200 1,93416E+001
0,05300 0,07200 1,81676E+001
0,05400 0,07200 1,90184E+001
0,05500 0,07200 1,79107E+001
0,05600 0,07200 1,87127E+001
0,05700 0,07200 1,76664E+001
0,05800 0,07200 1,84213E+001
0,05900 0,07200 1,74325E+001
0,06000 0,07200 1,81342E+001
0,06100 0,07200 1,71941E+001
0,06200 0,07200 1,78415E+001
0,06300 0,07200 1,72423E+001
0,06400 0,07200 1,65957E+001
0,06500 0,07200 9,33659E+000
0,06600 0,07200 1,06200E+001
0,06700 0,07200 1,69661E+001
0,06800 0,07200 1,59770E+001
0,06900 0,07200 2,97927E+001
0,07000 0,07200 2,47363E+001
0,07100 0,07200 9,93523E+000
0,07200 0,07200 6,82036E+000
0,07300 0,07200 7,67741E+000
0,07400 0,07200 -3,99703E+000
0,07500 0,07200 9,93422E+000
0,07600 0,07200 1,68596E+001
0,07700 0,07200 2,15335E+001
0,07800 0,07200 2,63468E+001
0,07900 0,07200 2,56255E+001
0,08000 0,07200 2,50675E+001
0,00000 0,07300 -5,48488E+001
0,00100 0,07300 2,99497E+002
0,00200 0,07300 5,35576E+002
0,00300 0,07300 5,98049E+002
0,00400 0,07300 4,78975E+002
0,00500 0,07300 3,63308E+002
0,00600 0,07300 3,09514E+002
0,00700 0,07300 2,01910E+002
0,00800 0,07300 5,39958E+001
0,00900 0,07300 3,58968E+001
0,01000 0,07300 4,36347E+001
0,01100 0,07300 7,50261E+001
0,01200 0,07300 1,20706E+002
0,01300 0,07300 1,33795E+002
0,01400 0,07300 9,41650E+001
0,01500 0,07300 3,93423E+001
0,01600 0,07300 3,16846E+001
0,01700 0,07300 3,43821E+001
0,01800 0,07300 2,74775E+001
0,01900 0,07300 3,01948E+001
0,02000 0,07300 2,37939E+001
0,02100 0,07300 2,69340E+001
0,02200 0,07300 2,08955E+001
0,02300 0,07300 2,42987E+001
0,02400 0,07300 1,85466E+001
0,02500 0,07300 2,21512E+001
0,02600 0,07300 1,66202E+001
0,02700 0,07300 2,03850E+001
0,02800 0,07300 1,50272E+001
0,02900 0,07300 1,89226E+001
0,03000 0,07300 1,37021E+001
0,03100 0,07300 1,77064E+001
0,03200 0,07300 1,25957E+001
0,03300 0,07300 1,66923E+001
0,03400 0,07300 1,16700E+001
0,03500 0,07300 1,58462E+001
0,03600 0,07300 1,08953E+001
0,03700 0,07300 1,51412E+001
0,03800 0,07300 1,02479E+001
0,03900 0,07300 1,45554E+001
0,04000 0,07300 9,70883E+000
0,04100 0,07300 1,40715E+001
0,04200 0,07300 9,26243E+000
0,04300 0,07300 1,36747E+001
0,04400 0,07300 8,89577E+000
0,04500 0,07300 1,33532E+001
0,04600 0,07300 8,59800E+000
0,04700 0,07300 1,30966E+001
0,04800 0,07300 8,35995E+000
0,04900 0,07300 1,28964E+001
0,05000 0,07300 8,17379E+000
0,05100 0,07300 1,27450E+001
0,05200 0,07300 8,03275E+000
0,05300 0,07300 1,26361E+001
0,05400 0,07300 7,93095E+000
0,05500 0,07300 1,25640E+001
0,05600 0,07300 7,86323E+000
0,05700 0,07300 1,25238E+001
0,05800 0,07300 7,82506E+000
0,05900 0,07300 1,25109E+001
0,06000 0,07300 7,81435E+000
0,06100 0,07300 1,25248E+001
0,06200 0,07300 7,82966E+000
0,06300 0,07300 1,24813E+001
0,06400 0,07300 8,12869E+000
0,06500 0,07300 1,55348E+001
0,06600 0,07300 2,77495E+000
0,06700 0,07300 1,23553E+001
0,06800 0,07300 3,05391E+001
0,06900 0,07300 2,00582E+001
0,07000 0,07300 2,03201E+001
0,07100 0,07300 2,00546E+001
0,07200 0,07300 4,28017E+000
0,07300 0,07300 -2,77994E+000
0,07400 0,07300 8,04599E+000
0,07500 0,07300 3,46428E+000
0,07600 0,07300 1,67171E+001
0,07700 0,07300 2,91281E+001
0,07800 0,07300 2,37082E+001
0,07900 0,07300 2,43298E+001
0,08000 0,07300 2,49771E+001
0,00000 0,07400 -5,28356E+001
0,00100 0,07400 3,26965E+002
0,00200 0,07400 5,48922E+002
0,00300 0,07400 6,05443E+002
0,00400 0,07400 4,71311E+002
0,00500 0,07400 3,84900E+002
0,00600 0,07400 3,17069E+002
0,00700 0,07400 1,68293E+002
0,00800 0,07400 7,66563E+001
0,00900 0,07400 2,37410E+001
0,01000 0,07400 3,97719E+001
0,01100 0,07400 8,51980E+001
0,01200 0,07400 1,22518E+002
0,01300 0,07400 1,31669E+002
0,01400 0,07400 8,67761E+001
0,01500 0,07400 5,41970E+001
0,01600 0,07400 7,28291E+001
0,01700 0,07400 4,50528E+001
0,01800 0,07400 6,37301E+001
0,01900 0,07400 3,79457E+001
0,02000 0,07400 5,65028E+001
0,02100 0,07400 3,21935E+001
0,02200 0,07400 5,05344E+001
0,02300 0,07400 2,74621E+001
0,02400 0,07400 4,55287E+001
0,02500 0,07400 2,35060E+001
0,02600 0,07400 4,12700E+001
0,02700 0,07400 2,01557E+001
0,02800 0,07400 3,76036E+001
0,02900 0,07400 1,72884E+001
0,03000 0,07400 3,44156E+001
0,03100 0,07400 1,48132E+001
0,03200 0,07400 3,16205E+001
0,03300 0,07400 1,26615E+001
0,03400 0,07400 2,91530E+001
0,03500 0,07400 1,07803E+001
0,03600 0,07400 2,69618E+001
0,03700 0,07400 9,12836E+000
0,03800 0,07400 2,50067E+001
0,03900 0,07400 7,67264E+000
0,04000 0,07400 2,32553E+001
0,04100 0,07400 6,38673E+000
0,04200 0,07400 2,16813E+001
0,04300 0,07400 5,24907E+000
0,04400 0,07400 2,02631E+001
0,04500 0,07400 4,24195E+000
0,04600 0,07400 1,89828E+001
0,04700 0,07400 3,35063E+000
0,04800 0,07400 1,78255E+001
0,04900 0,07400 2,56273E+000
0,05000 0,07400 1,67785E+001
0,05100 0,07400 1,86780E+000
0,05200 0,07400 1,58311E+001
0,05300 0,07400 1,25689E+000
0,05400 0,07400 1,49739E+001
0,05500 0,07400 7,22339E-001
0,05600 0,07400 1,41990E+001
0,05700 0,07400 2,57475E-001
0,05800 0,07400 1,34995E+001
0,05900 0,07400 -1,43468E-001
0,06000 0,07400 1,28687E+001
0,06100 0,07400 -4,86575E-001
0,06200 0,07400 1,23006E+001
0,06300 0,07400 -7,53988E-001
0,06400 0,07400 1,17183E+001
0,06500 0,07400 -1,82419E+000
0,06600 0,07400 1,34222E+001
0,06700 0,07400 1,67895E+001
0,06800 0,07400 1,63993E+001
0,06900 0,07400 2,98503E+001
0,07000 0,07400 2,43455E+001
0,07100 0,07400 9,21471E+000
0,07200 0,07400 6,54813E+000
0,07300 0,07400 7,68427E+000
0,07400 0,07400 -3,96405E+000
0,07500 0,07400 1,06926E+001
0,07600 0,07400 1,76059E+001
0,07700 0,07400 2,16158E+001
0,07800 0,07400 2,64156E+001
0,07900 0,07400 2,56609E+001
0,08000 0,07400 2,49878E+001
0,00000 0,07500 -4,85941E+001
0,00100 0,07500 3,52922E+002
0,00200 0,07500 5,64982E+002
0,00300 0,07500 6,08704E+002
0,00400 0,07500 4,76432E+002
0,00500 0,07500 3,64898E+002
0,00600 0,07500 3,08086E+002
0,00700 0,07500 1,93979E+002
0,00800 0,07500 4,91842E+001
0,00900 0,07500 3,55748E+001
0,01000 0,07500 4,51563E+001
0,01100 0,07500 7,80545E+001
0,01200 0,07500 1,23338E+002
0,01300 0,07500 1,32146E+002
0,01400 0,07500 9,39418E+001
0,01500 0,07500 1,06075E+002
0,01600 0,07500 8,15108E+001
0,01700 0,07500 9,34194E+001
0,01800 0,07500 7,13197E+001
0,01900 0,07500 8,32728E+001
0,02000 0,07500 6,31077E+001
0,02100 0,07500 7,49536E+001
0,02200 0,07500 5,63637E+001
0,02300 0,07500 6,79860E+001
0,02400 0,07500 5,07165E+001
0,02500 0,07500 6,20511E+001
0,02600 0,07500 4,59122E+001
0,02700 0,07500 5,69233E+001
0,02800 0,07500 4,17704E+001
0,02900 0,07500 5,24395E+001
0,03000 0,07500 3,81590E+001
0,03100 0,07500 4,84785E+001
0,03200 0,07500 3,49793E+001
0,03300 0,07500 4,49483E+001
0,03400 0,07500 3,21563E+001
0,03500 0,07500 4,17783E+001
0,03600 0,07500 2,96317E+001
0,03700 0,07500 3,89129E+001
0,03800 0,07500 2,73598E+001
0,03900 0,07500 3,63079E+001
0,04000 0,07500 2,53039E+001
0,04100 0,07500 3,39279E+001
0,04200 0,07500 2,34348E+001
0,04300 0,07500 3,17439E+001
0,04400 0,07500 2,17283E+001
0,04500 0,07500 2,97321E+001
0,04600 0,07500 2,01645E+001
0,04700 0,07500 2,78725E+001
0,04800 0,07500 1,87269E+001
0,04900 0,07500 2,61484E+001
0,05000 0,07500 1,74015E+001
0,05100 0,07500 2,45456E+001
0,05200 0,07500 1,61764E+001
0,05300 0,07500 2,30519E+001
0,05400 0,07500 1,50415E+001
0,05500 0,07500 2,16569E+001
0,05600 0,07500 1,39879E+001
0,05700 0,07500 2,03512E+001
0,05800 0,07500 1,30080E+001
0,05900 0,07500 1,91269E+001
0,06000 0,07500 1,20952E+001
0,06100 0,07500 1,79771E+001
0,06200 0,07500 1,12436E+001
0,06300 0,07500 1,68893E+001
0,06400 0,07500 1,04680E+001
0,06500 0,07500 1,61005E+001
0,06600 0,07500 9,13016E+000
0,06700 0,07500 1,09602E+001
0,06800 0,07500 3,13752E+001
0,06900 0,07500 1,97207E+001
0,07000 0,07500 2,01241E+001
0,07100 0,07500 1,94087E+001
0,07200 0,07500 3,83379E+000
0,07300 0,07500 -2,83862E+000
0,07400 0,07500 8,27369E+000
0,07500 0,07500 4,06418E+000
0,07600 0,07500 1,75477E+001
0,07700 0,07500 2,94577E+001
0,07800 0,07500 2,35532E+001
0,07900 0,07500 2,43079E+001
0,08000 0,07500 2,50935E+001
0,00000 0,07600 -4,37787E+001
0,00100 0,07600 3,81622E+002
0,00200 0,07600 5,78624E+002
0,00300 0,07600 6,15279E+002
0,00400 0,07600 4,69304E+002
0,00500 0,07600 3,86090E+002
0,00600 0,07600 3,14974E+002
0,00700 0,07600 1,60770E+002
0,00800 0,07600 7,18352E+001
0,00900 0,07600 2,33803E+001
0,01000 0,07600 4,19105E+001
0,01100 0,07600 8,72712E+001
0,01200 0,07600 1,28717E+002
0,01300 0,07600 1,10867E+002
0,01400 0,07600 1,02335E+002
0,01500 0,07600 9,93464E+001
0,01600 0,07600 8,98919E+001
0,01700 0,07600 8,86581E+001
0,01800 0,07600 8,02820E+001
0,01900 0,07600 8,01908E+001
0,02000 0,07600 7,25396E+001
0,02100 0,07600 7,33004E+001
0,02200 0,07600 6,61451E+001
0,02300 0,07600 6,75742E+001
0,02400 0,07600 6,07599E+001
0,02500 0,07600 6,27297E+001
0,02600 0,07600 5,61483E+001
0,02700 0,07600 5,85676E+001
0,02800 0,07600 5,21416E+001
0,02900 0,07600 5,49434E+001
0,03000 0,07600 4,86158E+001
0,03100 0,07600 5,17496E+001
0,03200 0,07600 4,54776E+001
0,03300 0,07600 4,89048E+001
0,03400 0,07600 4,26558E+001
0,03500 0,07600 4,63460E+001
0,03600 0,07600 4,00951E+001
0,03700 0,07600 4,40241E+001
0,03800 0,07600 3,77519E+001
0,03900 0,07600 4,19002E+001
0,04000 0,07600 3,55915E+001
0,04100 0,07600 3,99431E+001
0,04200 0,07600 3,35863E+001
0,04300 0,07600 3,81280E+001
0,04400 0,07600 3,17140E+001
0,04500 0,07600 3,64347E+001
0,04600 0,07600 2,99566E+001
0,04700 0,07600 3,48469E+001
0,04800 0,07600 2,82995E+001
0,04900 0,07600 3,33514E+001
0,05000 0,07600 2,67310E+001
0,05100 0,07600 3,19377E+001
0,05200 0,07600 2,52418E+001
0,05300 0,07600 3,05973E+001
0,05400 0,07600 2,38244E+001
0,05500 0,07600 2,93233E+001
0,05600 0,07600 2,24728E+001
0,05700 0,07600 2,81104E+001
0,05800 0,07600 2,11824E+001
0,05900 0,07600 2,69546E+001
0,06000 0,07600 1,99497E+001
0,06100 0,07600 2,58524E+001
0,06200 0,07600 1,87720E+001
0,06300 0,07600 2,48033E+001
0,06400 0,07600 1,76416E+001
0,06500 0,07600 2,37379E+001
0,06600 0,07600 1,67329E+001
0,06700 0,07600 2,40079E+001
0,06800 0,07600 1,45915E+001
0,06900 0,07600 3,05098E+001
0,07000 0,07600 2,37522E+001
0,07100 0,07600 8,54288E+000
0,07200 0,07600 6,29889E+000
0,07300 0,07600 7,69771E+000
0,07400 0,07600 -3,90159E+000
0,07500 0,07600 1,14781E+001
0,07600 0,07600 1,83542E+001
0,07700 0,07600 2,15943E+001
0,07800 0,07600 2,64989E+001
0,07900 0,07600 2,57035E+001
0,08000 0,07600 2,48092E+001
0,00000 0,07700 -3,67875E+001
0,00100 0,07700 4,09027E+002
0,00200 0,07700 5,94878E+002
0,00300 0,07700 6,17903E+002
0,00400 0,07700 4,73788E+002
0,00500 0,07700 3,66741E+002
0,00600 0,07700 3,06074E+002
0,00700 0,07700 1,85893E+002
0,00800 0,07700 4,45625E+001
0,00900 0,07700 3,57737E+001
0,01000 0,07700 4,56159E+001
0,01100 0,07700 8,52173E+001
0,01200 0,07700 1,08302E+002
0,01300 0,07700 7,44089E+001
0,01400 0,07700 9,79608E+001
0,01500 0,07700 6,41167E+001
0,01600 0,07700 8,84254E+001
0,01700 0,07700 5,67232E+001
0,01800 0,07700 8,08486E+001
0,01900 0,07700 5,08522E+001
0,02000 0,07700 7,46821E+001
0,02100 0,07700 4,60711E+001
0,02200 0,07700 6,95497E+001
0,02300 0,07700 4,20972E+001
0,02400 0,07700 6,51986E+001
0,02500 0,07700 3,87398E+001
0,02600 0,07700 6,14540E+001
0,02700 0,07700 3,58656E+001
0,02800 0,07700 5,81914E+001
0,02900 0,07700 3,33788E+001
0,03000 0,07700 5,53196E+001
0,03100 0,07700 3,12086E+001
0,03200 0,07700 5,27702E+001
0,03300 0,07700 2,93018E+001
0,03400 0,07700 5,04909E+001
0,03500 0,07700 2,76172E+001
0,03600 0,07700 4,84409E+001
0,03700 0,07700 2,61223E+001
0,03800 0,07700 4,65874E+001
0,03900 0,07700 2,47913E+001
0,04000 0,07700 4,49041E+001
0,04100 0,07700 2,36025E+001
0,04200 0,07700 4,33688E+001
0,04300 0,07700 2,25382E+001
0,04400 0,07700 4,19630E+001
0,04500 0,07700 2,15829E+001
0,04600 0,07700 4,06707E+001
0,04700 0,07700 2,07232E+001
0,04800 0,07700 3,94777E+001
0,04900 0,07700 1,99471E+001
0,05000 0,07700 3,83716E+001
0,05100 0,07700 1,92437E+001
0,05200 0,07700 3,73408E+001
0,05300 0,07700 1,86031E+001
0,05400 0,07700 3,63751E+001
0,05500 0,07700 1,80160E+001
0,05600 0,07700 3,54648E+001
0,05700 0,07700 1,74739E+001
0,05800 0,07700 3,46009E+001
0,05900 0,07700 1,69687E+001
0,06000 0,07700 3,37751E+001
0,06100 0,07700 1,64927E+001
0,06200 0,07700 3,29797E+001
0,06300 0,07700 1,60384E+001
0,06400 0,07700 3,22090E+001
0,06500 0,07700 1,56181E+001
0,06600 0,07700 3,14075E+001
0,06700 0,07700 1,48482E+001
0,06800 0,07700 3,11356E+001
0,06900 0,07700 1,95553E+001
0,07000 0,07700 1,98518E+001
0,07100 0,07700 1,87759E+001
0,07200 0,07700 3,41799E+000
0,07300 0,07700 -2,89193E+000
0,07400 0,07700 8,53617E+000
0,07500 0,07700 4,68475E+000
0,07600 0,07700 1,83686E+001
0,07700 0,07700 2,96922E+001
0,07800 0,07700 2,34050E+001
0,07900 0,07700 2,42731E+001
0,08000 0,07700 2,53295E+001
0,00000 0,07800 -2,81754E+001
0,00100 0,07800 4,38622E+002
0,00200 0,07800 6,08777E+002
0,00300 0,07800 6,23807E+002
0,00400 0,07800 4,67190E+002
0,00500 0,07800 3,87511E+002
0,00600 0,07800 3,12313E+002
0,00700 0,07800 1,53009E+002
0,00800 0,07800 6,75529E+001
0,00900 0,07800 2,24086E+001
0,01000 0,07800 4,67813E+001
0,01100 0,07800 7,96252E+001
0,01200 0,07800 4,21158E+001
0,01300 0,07800 7,04082E+001
0,01400 0,07800 3,67837E+001
0,01500 0,07800 6,45663E+001
0,01600 0,07800 3,34012E+001
0,01700 0,07800 5,99008E+001
0,01800 0,07800 3,09028E+001
0,01900 0,07800 5,61683E+001
0,02000 0,07800 2,89960E+001
0,02100 0,07800 5,30985E+001
0,02200 0,07800 2,75028E+001
0,02300 0,07800 5,05140E+001
0,02400 0,07800 2,63056E+001
0,02500 0,07800 4,82924E+001
0,02600 0,07800 2,53230E+001
0,02700 0,07800 4,63470E+001
0,02800 0,07800 2,44974E+001
0,02900 0,07800 4,46143E+001
0,03000 0,07800 2,37868E+001
0,03100 0,07800 4,30473E+001
0,03200 0,07800 2,31600E+001
0,03300 0,07800 4,16101E+001
0,03400 0,07800 2,25939E+001
0,03500 0,07800 4,02755E+001
0,03600 0,07800 2,20710E+001
0,03700 0,07800 3,90225E+001
0,03800 0,07800 2,15783E+001
0,03900 0,07800 3,78352E+001
0,04000 0,07800 2,11063E+001
0,04100 0,07800 3,67012E+001
0,04200 0,07800 2,06480E+001
0,04300 0,07800 3,56113E+001
0,04400 0,07800 2,01987E+001
0,04500 0,07800 3,45589E+001
0,04600 0,07800 1,97555E+001
0,04700 0,07800 3,35392E+001
0,04800 0,07800 1,93169E+001
0,04900 0,07800 3,25492E+001
0,05000 0,07800 1,88826E+001
0,05100 0,07800 3,15871E+001
0,05200 0,07800 1,84531E+001
0,05300 0,07800 3,06523E+001
0,05400 0,07800 1,80298E+001
0,05500 0,07800 2,97450E+001
0,05600 0,07800 1,76147E+001
0,05700 0,07800 2,88660E+001
0,05800 0,07800 1,72102E+001
0,05900 0,07800 2,80166E+001
0,06000 0,07800 1,68187E+001
0,06100 0,07800 2,71985E+001
0,06200 0,07800 1,64432E+001
0,06300 0,07800 2,64136E+001
0,06400 0,07800 1,60858E+001
0,06500 0,07800 2,56584E+001
0,06600 0,07800 1,57628E+001
0,06700 0,07800 2,50406E+001
0,06800 0,07800 1,53190E+001
0,06900 0,07800 2,30868E+001
0,07000 0,07800 2,53382E+001
0,07100 0,07800 7,25591E+000
0,07200 0,07800 6,25979E+000
0,07300 0,07800 7,66367E+000
0,07400 0,07800 -3,79104E+000
0,07500 0,07800 1,22824E+001
0,07600 0,07800 1,91005E+001
0,07700 0,07800 2,14872E+001
0,07800 0,07800 2,65969E+001
0,07900 0,07800 2,57567E+001
0,08000 0,07800 2,45035E+001
0,00000 0,07900 -1,29150E+001
0,00100 0,07900 4,66801E+002
0,00200 0,07900 6,25166E+002
0,00300 0,07900 6,25939E+002
0,00400 0,07900 4,71115E+002
0,00500 0,07900 3,68842E+002
0,00600 0,07900 3,03388E+002
0,00700 0,07900 1,77840E+002
0,00800 0,07900 3,96857E+001
0,00900 0,07900 3,79956E+001
0,01000 0,07900 3,99154E+001
0,01100 0,07900 2,48258E+001
0,01200 0,07900 3,44060E+001
0,01300 0,07900 2,19467E+001
0,01400 0,07900 3,08354E+001
0,01500 0,07900 1,97211E+001
0,01600 0,07900 2,80547E+001
0,01700 0,07900 1,81977E+001
0,01800 0,07900 2,59219E+001
0,01900 0,07900 1,71169E+001
0,02000 0,07900 2,42532E+001
0,02100 0,07900 1,63512E+001
0,02200 0,07900 2,29281E+001
0,02300 0,07900 1,58172E+001
0,02400 0,07900 2,18652E+001
0,02500 0,07900 1,54583E+001
0,02600 0,07900 2,10074E+001
0,02700 0,07900 1,52345E+001
0,02800 0,07900 2,03129E+001
0,02900 0,07900 1,51167E+001
0,03000 0,07900 1,97507E+001
0,03100 0,07900 1,50827E+001
0,03200 0,07900 1,92966E+001
0,03300 0,07900 1,51154E+001
0,03400 0,07900 1,89317E+001
0,03500 0,07900 1,52013E+001
0,03600 0,07900 1,86403E+001
0,03700 0,07900 1,53292E+001
0,03800 0,07900 1,84097E+001
0,03900 0,07900 1,54897E+001
0,04000 0,07900 1,82290E+001
0,04100 0,07900 1,56746E+001
0,04200 0,07900 1,80884E+001
0,04300 0,07900 1,58769E+001
0,04400 0,07900 1,79798E+001
0,04500 0,07900 1,60901E+001
0,04600 0,07900 1,78955E+001
0,04700 0,07900 1,63084E+001
0,04800 0,07900 1,78288E+001
0,04900 0,07900 1,65265E+001
0,05000 0,07900 1,77733E+001
0,05100 0,07900 1,67395E+001
0,05200 0,07900 1,77234E+001
0,05300 0,07900 1,69428E+001
0,05400 0,07900 1,76738E+001
0,05500 0,07900 1,71322E+001
0,05600 0,07900 1,76198E+001
0,05700 0,07900 1,73041E+001
0,05800 0,07900 1,75572E+001
0,05900 0,07900 1,74550E+001
0,06000 0,07900 1,74821E+001
0,06100 0,07900 1,75820E+001
0,06200 0,07900 1,73912E+001
0,06300 0,07900 1,76825E+001
0,06400 0,07900 1,72819E+001
0,06500 0,07900 1,77561E+001
0,06600 0,07900 1,71481E+001
0,06700 0,07900 1,77715E+001
0,06800 0,07900 1,70321E+001
0,06900 0,07900 1,81417E+001
0,07000 0,07900 1,41313E+001
0,07100 0,07900 1,96683E+001
0,07200 0,07900 2,60445E+000
0,07300 0,07900 -2,81798E+000
0,07400 0,07900 8,80144E+000
0,07500 0,07900 5,33290E+000
0,07600 0,07900 1,91705E+001
0,07700 0,07900 2,98534E+001
0,07800 0,07900 2,32629E+001
0,07900 0,07900 2,42242E+001
0,08000 0,07900 2,56837E+001
0,00000 0,08000 1,48271E+001
0,00100 0,08000 4,96024E+002
0,00200 0,08000 6,39299E+002
0,00300 0,08000 6,31288E+002
0,00400 0,08000 4,65058E+002
0,00500 0,08000 3,89120E+002
0,00600 0,08000 3,09140E+002
0,00700 0,08000 1,44760E+002
0,00800 0,08000 6,47870E+001
0,00900 0,08000 1,76129E+001
0,01000 0,08000 2,91900E+001
0,01100 0,08000 1,59089E+001
0,01200 0,08000 2,50576E+001
0,01300 0,08000 1,27216E+001
0,01400 0,08000 2,20581E+001
0,01500 0,08000 1,05306E+001
0,01600 0,08000 1,98884E+001
0,01700 0,08000 8,90009E+000
0,01800 0,08000 1,82394E+001
0,01900 0,08000 7,66016E+000
0,02000 0,08000 1,69532E+001
0,02100 0,08000 6,69764E+000
0,02200 0,08000 1,59305E+001
0,02300 0,08000 5,93992E+000
0,02400 0,08000 1,51061E+001
0,02500 0,08000 5,33854E+000
0,02600 0,08000 1,44351E+001
0,02700 0,08000 4,86022E+000
0,02800 0,08000 1,38864E+001
0,02900 0,08000 4,48148E+000
0,03000 0,08000 1,34375E+001
0,03100 0,08000 4,18544E+000
0,03200 0,08000 1,30719E+001
0,03300 0,08000 3,95966E+000
0,03400 0,08000 1,27774E+001
0,03500 0,08000 3,79482E+000
0,03600 0,08000 1,25445E+001
0,03700 0,08000 3,68374E+000
0,03800 0,08000 1,23658E+001
0,03900 0,08000 3,62081E+000
0,04000 0,08000 1,22356E+001
0,04100 0,08000 3,60149E+000
0,04200 0,08000 1,21491E+001
0,04300 0,08000 3,62203E+000
0,04400 0,08000 1,21022E+001
0,04500 0,08000 3,67922E+000
0,04600 0,08000 1,20916E+001
0,04700 0,08000 3,77025E+000
0,04800 0,08000 1,21141E+001
0,04900 0,08000 3,89257E+000
0,05000 0,08000 1,21671E+001
0,05100 0,08000 4,04381E+000
0,05200 0,08000 1,22480E+001
0,05300 0,08000 4,22173E+000
0,05400 0,08000 1,23544E+001
0,05500 0,08000 4,42411E+000
0,05600 0,08000 1,24838E+001
0,05700 0,08000 4,64877E+000
0,05800 0,08000 1,26340E+001
0,05900 0,08000 4,89349E+000
0,06000 0,08000 1,28026E+001
0,06100 0,08000 5,15600E+000
0,06200 0,08000 1,29872E+001
0,06300 0,08000 5,43398E+000
0,06400 0,08000 1,31854E+001
0,06500 0,08000 5,72460E+000
0,06600 0,08000 1,33956E+001
0,06700 0,08000 6,03375E+000
0,06800 0,08000 1,36029E+001
0,06900 0,08000 6,24202E+000
0,07000 0,08000 1,45943E+001
0,07100 0,08000 6,06096E+000
0,07200 0,08000 6,23406E+000
0,07300 0,08000 7,63648E+000
0,07400 0,08000 -3,64485E+000
0,07500 0,08000 1,31062E+001
0,07600 0,08000 1,98379E+001
0,07700 0,08000 2,13199E+001
0,07800 0,08000 2,67090E+001
0,07900 0,08000 2,58178E+001
0,08000 0,08000 2,41178E+001
0,00000 0,08100 6,26166E+001
0,00100 0,08100 5,23178E+002
0,00200 0,08100 6,55844E+002
0,00300 0,08100 6,33021E+002
0,00400 0,08100 4,68472E+002
0,00500 0,08100 3,71232E+002
0,00600 0,08100 2,99848E+002
0,00700 0,08100 1,70336E+002
0,00800 0,08100 3,30292E+001
0,00900 0,08100 4,66734E+001
0,01000 0,08100 2,70155E+001
0,01100 0,08100 3,58903E+001
0,01200 0,08100 1,98855E+001
0,01300 0,08100 2,91162E+001
0,01400 0,08100 1,50436E+001
0,01500 0,08100 2,42279E+001
0,01600 0,08100 1,15934E+001
0,01700 0,08100 2,05883E+001
0,01800 0,08100 9,07507E+000
0,01900 0,08100 1,78024E+001
0,02000 0,08100 7,20427E+000
0,02100 0,08100 1,56258E+001
0,02200 0,08100 5,79899E+000
0,02300 0,08100 1,38975E+001
0,02400 0,08100 4,73710E+000
0,02500 0,08100 1,25066E+001
0,02600 0,08100 3,93342E+000
0,02700 0,08100 1,13742E+001
0,02800 0,08100 3,32659E+000
0,02900 0,08100 1,04423E+001
0,03000 0,08100 2,87129E+000
0,03100 0,08100 9,66746E+000
0,03200 0,08100 2,53335E+000
0,03300 0,08100 9,01666E+000
0,03400 0,08100 2,28665E+000
0,03500 0,08100 8,46429E+000
0,03600 0,08100 2,11102E+000
0,03700 0,08100 7,99044E+000
0,03800 0,08100 1,99084E+000
0,03900 0,08100 7,57956E+000
0,04000 0,08100 1,91399E+000
0,04100 0,08100 7,21954E+000
0,04200 0,08100 1,87116E+000
0,04300 0,08100 6,90100E+000
0,04400 0,08100 1,85526E+000
0,04500 0,08100 6,61677E+000
0,04600 0,08100 1,86103E+000
0,04700 0,08100 6,36145E+000
0,04800 0,08100 1,88463E+000
0,04900 0,08100 6,13108E+000
0,05000 0,08100 1,92344E+000
0,05100 0,08100 5,92285E+000
0,05200 0,08100 1,97573E+000
0,05300 0,08100 5,73488E+000
0,05400 0,08100 2,04053E+000
0,05500 0,08100 5,56603E+000
0,05600 0,08100 2,11745E+000
0,05700 0,08100 5,41569E+000
0,05800 0,08100 2,20651E+000
0,05900 0,08100 5,28369E+000
0,06000 0,08100 2,30804E+000
0,06100 0,08100 5,17016E+000
0,06200 0,08100 2,42260E+000
0,06300 0,08100 5,07545E+000
0,06400 0,08100 2,55086E+000
0,06500 0,08100 5,00014E+000
0,06600 0,08100 2,69325E+000
0,06700 0,08100 4,94233E+000
0,06800 0,08100 2,85394E+000
0,06900 0,08100 4,93568E+000
0,07000 0,08100 2,80985E+000
0,07100 0,08100 5,05991E+000
0,07200 0,08100 5,72007E+000
0,07300 0,08100 -3,84776E+000
0,07400 0,08100 9,42636E+000
0,07500 0,08100 5,90231E+000
0,07600 0,08100 1,99782E+001
0,07700 0,08100 2,99563E+001
0,07800 0,08100 2,31262E+001
0,07900 0,08100 2,41682E+001
0,08000 0,08100 2,60558E+001
0,00000 0,08200 1,28731E+002
0,00100 0,08200 5,50338E+002
0,00200 0,08200 6,70255E+002
0,00300 0,08200 6,37772E+002
0,00400 0,08200 4,63184E+002
0,00500 0,08200 3,90297E+002
0,00600 0,08200 3,07263E+002
0,00700 0,08200 1,30238E+002
0,00800 0,08200 9,95414E+001
0,00900 0,08200 1,03923E+002
0,01000 0,08200 7,21719E+001
0,01100 0,08200 8,21347E+001
0,01200 0,08200 5,49455E+001
0,01300 0,08200 6,68626E+001
0,01400 0,08200 4,27023E+001
0,01500 0,08200 5,56818E+001
0,01600 0,08200 3,35962E+001
0,01700 0,08200 4,71611E+001
0,01800 0,08200 2,65888E+001
0,01900 0,08200 4,04749E+001
0,02000 0,08200 2,10584E+001
0,02100 0,08200 3,51093E+001
0,02200 0,08200 1,66095E+001
0,02300 0,08200 3,07284E+001
0,02400 0,08200 1,29780E+001
0,02500 0,08200 2,71028E+001
0,02600 0,08200 9,98123E+000
0,02700 0,08200 2,40708E+001
0,02800 0,08200 7,48842E+000
0,02900 0,08200 2,15148E+001
0,03000 0,08200 5,40352E+000
0,03100 0,08200 1,93473E+001
0,03200 0,08200 3,65422E+000
0,03300 0,08200 1,75015E+001
0,03400 0,08200 2,18482E+000
0,03500 0,08200 1,59253E+001
0,03600 0,08200 9,51582E-001
0,03700 0,08200 1,45776E+001
0,03800 0,08200 -8,05960E-002
0,03900 0,08200 1,34248E+001
0,04000 0,08200 -9,40430E-001
0,04100 0,08200 1,24394E+001
0,04200 0,08200 -1,65188E+000
0,04300 0,08200 1,15982E+001
0,04400 0,08200 -2,23531E+000
0,04500 0,08200 1,08814E+001
0,04600 0,08200 -2,70830E+000
0,04700 0,08200 1,02718E+001
0,04800 0,08200 -3,08623E+000
0,04900 0,08200 9,75447E+000
0,05000 0,08200 -3,38270E+000
0,05100 0,08200 9,31601E+000
0,05200 0,08200 -3,60981E+000
0,05300 0,08200 8,94462E+000
0,05400 0,08200 -3,77834E+000
0,05500 0,08200 8,62984E+000
0,05600 0,08200 -3,89789E+000
0,05700 0,08200 8,36239E+000
0,05800 0,08200 -3,97697E+000
0,05900 0,08200 8,13410E+000
0,06000 0,08200 -4,02304E+000
0,06100 0,08200 7,93787E+000
0,06200 0,08200 -4,04261E+000
0,06300 0,08200 7,76759E+000
0,06400 0,08200 -4,04118E+000
0,06500 0,08200 7,61812E+000
0,06600 0,08200 -4,02329E+000
0,06700 0,08200 7,48593E+000
0,06800 0,08200 -3,99368E+000
0,06900 0,08200 7,35820E+000
0,07000 0,08200 -3,89142E+000
0,07100 0,08200 7,21031E+000
0,07200 0,08200 -4,62127E+000
0,07300 0,08200 1,09868E+001
0,07400 0,08200 -4,43348E+000
0,07500 0,08200 1,42316E+001
0,07600 0,08200 2,04745E+001
0,07700 0,08200 2,11442E+001
0,07800 0,08200 2,68270E+001
0,07900 0,08200 2,58775E+001
0,08000 0,08200 2,37963E+001
0,00000 0,08300 2,06325E+002
0,00100 0,08300 5,75923E+002
0,00200 0,08300 6,86706E+002
0,00300 0,08300 6,39443E+002
0,00400 0,08300 4,65311E+002
0,00500 0,08300 3,75691E+002
0,00600 0,08300 2,89854E+002
0,00700 0,08300 1,86598E+002
0,00800 0,08300 2,10222E+002
0,00900 0,08300 1,36281E+002
0,01000 0,08300 1,68193E+002
0,01100 0,08300 1,05623E+002
0,01200 0,08300 1,39325E+002
0,01300 0,08300 8,44026E+001
0,01400 0,08300 1,18306E+002
0,01500 0,08300 6,88046E+001
0,01600 0,08300 1,02249E+002
0,01700 0,08300 5,68526E+001
0,01800 0,08300 8,95419E+001
0,01900 0,08300 4,74041E+001
0,02000 0,08300 7,92149E+001
0,02100 0,08300 3,97538E+001
0,02200 0,08300 7,06460E+001
0,02300 0,08300 3,34421E+001
0,02400 0,08300 6,34181E+001
0,02500 0,08300 2,81561E+001
0,02600 0,08300 5,72393E+001
0,02700 0,08300 2,36744E+001
0,02800 0,08300 5,18986E+001
0,02900 0,08300 1,98359E+001
0,03000 0,08300 4,72392E+001
0,03100 0,08300 1,65194E+001
0,03200 0,08300 4,31413E+001
0,03300 0,08300 1,36323E+001
0,03400 0,08300 3,95116E+001
0,03500 0,08300 1,11022E+001
0,03600 0,08300 3,62763E+001
0,03700 0,08300 8,87169E+000
0,03800 0,08300 3,33764E+001
0,03900 0,08300 6,89494E+000
0,04000 0,08300 3,07641E+001
0,04100 0,08300 5,13503E+000
0,04200 0,08300 2,84007E+001
0,04300 0,08300 3,56233E+000
0,04400 0,08300 2,62545E+001
0,04500 0,08300 2,15297E+000
0,04600 0,08300 2,43002E+001
0,04700 0,08300 8,87866E-001
0,04800 0,08300 2,25168E+001
0,04900 0,08300 -2,48240E-001
0,05000 0,08300 2,08875E+001
0,05100 0,08300 -1,26746E+000
0,05200 0,08300 1,93985E+001
0,05300 0,08300 -2,17941E+000
0,05400 0,08300 1,80388E+001
0,05500 0,08300 -2,99179E+000
0,05600 0,08300 1,67989E+001
0,05700 0,08300 -3,71084E+000
0,05800 0,08300 1,56713E+001
0,05900 0,08300 -4,34172E+000
0,06000 0,08300 1,46491E+001
0,06100 0,08300 -4,88893E+000
0,06200 0,08300 1,37265E+001
0,06300 0,08300 -5,35670E+000
0,06400 0,08300 1,28975E+001
0,06500 0,08300 -5,74923E+000
0,06600 0,08300 1,21566E+001
0,06700 0,08300 -6,07113E+000
0,06800 0,08300 1,14982E+001
0,06900 0,08300 -6,32447E+000
0,07000 0,08300 1,08976E+001
0,07100 0,08300 -6,50835E+000
0,07200 0,08300 1,06085E+001
0,07300 0,08300 -7,76325E+000
0,07400 0,08300 1,07139E+001
0,07500 0,08300 6,29795E+000
0,07600 0,08300 2,08147E+001
0,07700 0,08300 3,00141E+001
0,07800 0,08300 2,29930E+001
0,07900 0,08300 2,41192E+001
0,08000 0,08300 2,62880E+001
0,00000 0,08400 2,90197E+002
0,00100 0,08400 6,01935E+002
0,00200 0,08400 7,00559E+002
0,00300 0,08400 6,44960E+002
0,00400 0,08400 4,57080E+002
0,00500 0,08400 4,04369E+002
0,00600 0,08400 2,48131E+002
0,00700 0,08400 2,69877E+002
0,00800 0,08400 1,84812E+002
0,00900 0,08400 2,14567E+002
0,01000 0,08400 1,45130E+002
0,01100 0,08400 1,78457E+002
0,01200 0,08400 1,18920E+002
0,01300 0,08400 1,53095E+002
0,01400 0,08400 1,00293E+002
0,01500 0,08400 1,34214E+002
0,01600 0,08400 8,63563E+001
0,01700 0,08400 1,19521E+002
0,01800 0,08400 7,55023E+001
0,01900 0,08400 1,07680E+002
0,02000 0,08400 6,67656E+001
0,02100 0,08400 9,78585E+001
0,02200 0,08400 5,95328E+001
0,02300 0,08400 8,95113E+001
0,02400 0,08400 5,33978E+001
0,02500 0,08400 8,22687E+001
0,02600 0,08400 4,80829E+001
0,02700 0,08400 7,58734E+001
0,02800 0,08400 4,33949E+001
0,02900 0,08400 7,01435E+001
0,03000 0,08400 3,91982E+001
0,03100 0,08400 6,49495E+001
0,03200 0,08400 3,53978E+001
0,03300 0,08400 6,01999E+001
0,03400 0,08400 3,19280E+001
0,03500 0,08400 5,58305E+001
0,03600 0,08400 2,87448E+001
0,03700 0,08400 5,17972E+001
0,03800 0,08400 2,58190E+001
0,03900 0,08400 4,80698E+001
0,04000 0,08400 2,31318E+001
0,04100 0,08400 4,46272E+001
0,04200 0,08400 2,06704E+001
0,04300 0,08400 4,14535E+001
0,04400 0,08400 1,84248E+001
0,04500 0,08400 3,85355E+001
0,04600 0,08400 1,63862E+001
0,04700 0,08400 3,58605E+001
0,04800 0,08400 1,45447E+001
0,04900 0,08400 3,34149E+001
0,05000 0,08400 1,28890E+001
0,05100 0,08400 3,11837E+001
0,05200 0,08400 1,14056E+001
0,05300 0,08400 2,91504E+001
0,05400 0,08400 1,00794E+001
0,05500 0,08400 2,72969E+001
0,05600 0,08400 8,89376E+000
0,05700 0,08400 2,56043E+001
0,05800 0,08400 7,83100E+000
0,05900 0,08400 2,40530E+001
0,06000 0,08400 6,87312E+000
0,06100 0,08400 2,26239E+001
0,06200 0,08400 6,00263E+000
0,06300 0,08400 2,12987E+001
0,06400 0,08400 5,20333E+000
0,06500 0,08400 2,00609E+001
0,06600 0,08400 4,46071E+000
0,06700 0,08400 1,88960E+001
0,06800 0,08400 3,76232E+000
0,06900 0,08400 1,77913E+001
0,07000 0,08400 3,10377E+000
0,07100 0,08400 1,67356E+001
0,07200 0,08400 2,40207E+000
0,07300 0,08400 1,60526E+001
0,07400 0,08400 1,63615E+000
0,07500 0,08400 1,32829E+001
0,07600 0,08400 2,17122E+001
0,07700 0,08400 2,07619E+001
0,07800 0,08400 2,70245E+001
0,07900 0,08400 2,58945E+001
0,08000 0,08400 2,36736E+001
0,00000 0,08500 3,88552E+002
0,00100 0,08500 6,24275E+002
0,00200 0,08500 7,20579E+002
0,00300 0,08500 6,37264E+002
0,00400 0,08500 4,83269E+002
0,00500 0,08500 3,00977E+002
0,00600 0,08500 3,01392E+002
0,00700 0,08500 2,18917E+002
0,00800 0,08500 2,29278E+002
0,00900 0,08500 1,67849E+002
0,01000 0,08500 1,86121E+002
0,01100 0,08500 1,35586E+002
0,01200 0,08500 1,57091E+002
0,01300 0,08500 1,13355E+002
0,01400 0,08500 1,36212E+002
0,01500 0,08500 9,71351E+001
0,01600 0,08500 1,20459E+002
0,01700 0,08500 8,48005E+001
0,01800 0,08500 1,08146E+002
0,01900 0,08500 7,51232E+001
0,02000 0,08500 9,82572E+001
0,02100 0,08500 6,73445E+001
0,02200 0,08500 9,01443E+001
0,02300 0,08500 6,09707E+001
0,02400 0,08500 8,33741E+001
0,02500 0,08500 5,56675E+001
0,02600 0,08500 7,76468E+001
0,02700 0,08500 5,12009E+001
0,02800 0,08500 7,27482E+001
0,02900 0,08500 4,74030E+001
0,03000 0,08500 6,85212E+001
0,03100 0,08500 4,41490E+001
0,03200 0,08500 6,48465E+001
0,03300 0,08500 4,13428E+001
0,03400 0,08500 6,16293E+001
0,03500 0,08500 3,89063E+001
0,03600 0,08500 5,87900E+001
0,03700 0,08500 3,67719E+001
0,03800 0,08500 5,62586E+001
0,03900 0,08500 3,48789E+001
0,04000 0,08500 5,39717E+001
0,04100 0,08500 3,31719E+001
0,04200 0,08500 5,18708E+001
0,04300 0,08500 3,15992E+001
0,04400 0,08500 4,99022E+001
0,04500 0,08500 3,01135E+001
0,04600 0,08500 4,80163E+001
0,04700 0,08500 2,86714E+001
0,04800 0,08500 4,61691E+001
0,04900 0,08500 2,72355E+001
0,05000 0,08500 4,43235E+001
0,05100 0,08500 2,57759E+001
0,05200 0,08500 4,24507E+001
0,05300 0,08500 2,42715E+001
0,05400 0,08500 4,05318E+001
0,05500 0,08500 2,27108E+001
0,05600 0,08500 3,85582E+001
0,05700 0,08500 2,10935E+001
0,05800 0,08500 3,65330E+001
0,05900 0,08500 1,94303E+001
0,06000 0,08500 3,44702E+001
0,06100 0,08500 1,77418E+001
0,06200 0,08500 3,23924E+001
0,06300 0,08500 1,60553E+001
0,06400 0,08500 3,03276E+001
0,06500 0,08500 1,44021E+001
0,06600 0,08500 2,83074E+001
0,06700 0,08500 1,28153E+001
0,06800 0,08500 2,63632E+001
0,06900 0,08500 1,13261E+001
0,07000 0,08500 2,45216E+001
0,07100 0,08500 9,96114E+000
0,07200 0,08500 2,28275E+001
0,07300 0,08500 8,64230E+000
0,07400 0,08500 2,12996E+001
0,07500 0,08500 8,15165E+000
0,07600 0,08500 2,11373E+001
0,07700 0,08500 3,02142E+001
0,07800 0,08500 2,27996E+001
0,07900 0,08500 2,41092E+001
0,08000 0,08500 2,63467E+001
0,00000 0,08600 4,87935E+002
0,00100 0,08600 6,54767E+002
0,00200 0,08600 7,23920E+002
0,00300 0,08600 6,66984E+002
0,00400 0,08600 3,98293E+002
0,00500 0,08600 3,49750E+002
0,00600 0,08600 2,70943E+002
0,00700 0,08600 2,48875E+002
0,00800 0,08600 2,02381E+002
0,00900 0,08600 1,93925E+002
0,01000 0,08600 1,61319E+002
0,01100 0,08600 1,58692E+002
0,01200 0,08600 1,34212E+002
0,01300 0,08600 1,34173E+002
0,01400 0,08600 1,15073E+002
0,01500 0,08600 1,16103E+002
0,01600 0,08600 1,00893E+002
0,01700 0,08600 1,02206E+002
0,01800 0,08600 8,99966E+001
0,01900 0,08600 9,11563E+001
0,02000 0,08600 8,13797E+001
0,02100 0,08600 8,21386E+001
0,02200 0,08600 7,44087E+001
0,02300 0,08600 7,46242E+001
0,02400 0,08600 6,86660E+001
0,02500 0,08600 6,82570E+001
0,02600 0,08600 6,38645E+001
0,02700 0,08600 6,27871E+001
0,02800 0,08600 5,97979E+001
0,02900 0,08600 5,80312E+001
0,03000 0,08600 5,63114E+001
0,03100 0,08600 5,38500E+001
0,03200 0,08600 5,32860E+001
0,03300 0,08600 5,01363E+001
0,03400 0,08600 5,06300E+001
0,03500 0,08600 4,68086E+001
0,03600 0,08600 4,82739E+001
0,03700 0,08600 4,38062E+001
0,03800 0,08600 4,61656E+001
0,03900 0,08600 4,10827E+001
0,04000 0,08600 4,42639E+001
0,04100 0,08600 3,86002E+001
0,04200 0,08600 4,25340E+001
0,04300 0,08600 3,63270E+001
0,04400 0,08600 4,09479E+001
0,04500 0,08600 3,42395E+001
0,04600 0,08600 3,94868E+001
0,04700 0,08600 3,23238E+001
0,04800 0,08600 3,81420E+001
0,04900 0,08600 3,05766E+001
0,05000 0,08600 3,69151E+001
0,05100 0,08600 2,90030E+001
0,05200 0,08600 3,58153E+001
0,05300 0,08600 2,76151E+001
0,05400 0,08600 3,48576E+001
0,05500 0,08600 2,64277E+001
0,05600 0,08600 3,40573E+001
0,05700 0,08600 2,54521E+001
0,05800 0,08600 3,34214E+001
0,05900 0,08600 2,46862E+001
0,06000 0,08600 3,29413E+001
0,06100 0,08600 2,41124E+001
0,06200 0,08600 3,25955E+001
0,06300 0,08600 2,37015E+001
0,06400 0,08600 3,23500E+001
0,06500 0,08600 2,34100E+001
0,06600 0,08600 3,21570E+001
0,06700 0,08600 2,31829E+001
0,06800 0,08600 3,19609E+001
0,06900 0,08600 2,29602E+001
0,07000 0,08600 3,17047E+001
0,07100 0,08600 2,26834E+001
0,07200 0,08600 3,13285E+001
0,07300 0,08600 2,23295E+001
0,07400 0,08600 3,07861E+001
0,07500 0,08600 2,16204E+001
0,07600 0,08600 2,99774E+001
0,07700 0,08600 1,80071E+001
0,07800 0,08600 2,80217E+001
0,07900 0,08600 2,55921E+001
0,08000 0,08600 2,38017E+001
0,00000 0,08700 6,25006E+002
0,00100 0,08700 6,66681E+002
0,00200 0,08700 7,60062E+002
0,00300 0,08700 6,10871E+002
0,00400 0,08700 3,65164E+002
0,00500 0,08700 4,03193E+002
0,00600 0,08700 2,35661E+002
0,00700 0,08700 3,01128E+002
0,00800 0,08700 1,72324E+002
0,00900 0,08700 2,41418E+002
0,01000 0,08700 1,34277E+002
0,01100 0,08700 2,01821E+002
0,01200 0,08700 1,08809E+002
0,01300 0,08700 1,73315E+002
0,01400 0,08700 9,06074E+001
0,01500 0,08700 1,51703E+002
0,01600 0,08700 7,70655E+001
0,01700 0,08700 1,34757E+002
0,01800 0,08700 6,67332E+001
0,01900 0,08700 1,21144E+002
0,02000 0,08700 5,86996E+001
0,02100 0,08700 1,09983E+002
0,02200 0,08700 5,23376E+001
0,02300 0,08700 1,00650E+002
0,02400 0,08700 4,71981E+001
0,02500 0,08700 9,26980E+001
0,02600 0,08700 4,29646E+001
0,02700 0,08700 8,58158E+001
0,02800 0,08700 3,94250E+001
0,02900 0,08700 7,97940E+001
0,03000 0,08700 3,64452E+001
0,03100 0,08700 7,44963E+001
0,03200 0,08700 3,39401E+001
0,03300 0,08700 6,98257E+001
0,03400 0,08700 3,18425E+001
0,03500 0,08700 6,56949E+001
0,03600 0,08700 3,00817E+001
0,03700 0,08700 6,20127E+001
0,03800 0,08700 2,85813E+001
0,03900 0,08700 5,86917E+001
0,04000 0,08700 2,72751E+001
0,04100 0,08700 5,56652E+001
0,04200 0,08700 2,61194E+001
0,04300 0,08700 5,28905E+001
0,04400 0,08700 2,50895E+001
0,04500 0,08700 5,03399E+001
0,04600 0,08700 2,41698E+001
0,04700 0,08700 4,79921E+001
0,04800 0,08700 2,33484E+001
0,04900 0,08700 4,58296E+001
0,05000 0,08700 2,26164E+001
0,05100 0,08700 4,38378E+001
0,05200 0,08700 2,19647E+001
0,05300 0,08700 4,19991E+001
0,05400 0,08700 2,13767E+001
0,05500 0,08700 4,02862E+001
0,05600 0,08700 2,08249E+001
0,05700 0,08700 3,86654E+001
0,05800 0,08700 2,02839E+001
0,05900 0,08700 3,71145E+001
0,06000 0,08700 1,97404E+001
0,06100 0,08700 3,56140E+001
0,06200 0,08700 1,91710E+001
0,06300 0,08700 3,41300E+001
0,06400 0,08700 1,85458E+001
0,06500 0,08700 3,26367E+001
0,06600 0,08700 1,78538E+001
0,06700 0,08700 3,11296E+001
0,06800 0,08700 1,71043E+001
0,06900 0,08700 2,96259E+001
0,07000 0,08700 1,63294E+001
0,07100 0,08700 2,81656E+001
0,07200 0,08700 1,55856E+001
0,07300 0,08700 2,68016E+001
0,07400 0,08700 1,49504E+001
0,07500 0,08700 2,56934E+001
0,07600 0,08700 1,45342E+001
0,07700 0,08700 2,59637E+001
0,07800 0,08700 2,39824E+001
0,07900 0,08700 2,35703E+001
0,08000 0,08700 2,69445E+001
0,00000 0,08800 6,85254E+002
0,00100 0,08800 7,40077E+002
0,00200 0,08800 6,86184E+002
0,00300 0,08800 2,88638E+002
0,00400 0,08800 3,92160E+002
0,00500 0,08800 1,62297E+002
0,00600 0,08800 2,85425E+002
0,00700 0,08800 1,13877E+002
0,00800 0,08800 2,28297E+002
0,00900 0,08800 8,90223E+001
0,01000 0,08800 1,92369E+002
0,01100 0,08800 7,43335E+001
0,01200 0,08800 1,67410E+002
0,01300 0,08800 6,48850E+001
0,01400 0,08800 1,48867E+002
0,01500 0,08800 5,84273E+001
0,01600 0,08800 1,34413E+002
0,01700 0,08800 5,37981E+001
0,01800 0,08800 1,22734E+002
0,01900 0,08800 5,03449E+001
0,02000 0,08800 1,13043E+002
0,02100 0,08800 4,76784E+001
0,02200 0,08800 1,04832E+002
0,02300 0,08800 4,55502E+001
0,02400 0,08800 9,77495E+001
0,02500 0,08800 4,37808E+001
0,02600 0,08800 9,15203E+001
0,02700 0,08800 4,22105E+001
0,02800 0,08800 8,58960E+001
0,02900 0,08800 4,06750E+001
0,03000 0,08800 8,06430E+001
0,03100 0,08800 3,90200E+001
0,03200 0,08800 7,55784E+001
0,03300 0,08800 3,71658E+001
0,03400 0,08800 7,06413E+001
0,03500 0,08800 3,51742E+001
0,03600 0,08800 6,59263E+001
0,03700 0,08800 3,32320E+001
0,03800 0,08800 6,16064E+001
0,03900 0,08800 3,15257E+001
0,04000 0,08800 5,77881E+001
0,04100 0,08800 3,01187E+001
0,04200 0,08800 5,44426E+001
0,04300 0,08800 2,89517E+001
0,04400 0,08800 5,14634E+001
0,04500 0,08800 2,79338E+001
0,04600 0,08800 4,87525E+001
0,04700 0,08800 2,70013E+001
0,04800 0,08800 4,62452E+001
0,04900 0,08800 2,61178E+001
0,05000 0,08800 4,38983E+001
0,05100 0,08800 2,52625E+001
0,05200 0,08800 4,16887E+001
0,05300 0,08800 2,44402E+001
0,05400 0,08800 3,96314E+001
0,05500 0,08800 2,36973E+001
0,05600 0,08800 3,77773E+001
0,05700 0,08800 2,30827E+001
0,05800 0,08800 3,61316E+001
0,05900 0,08800 2,25561E+001
0,06000 0,08800 3,46124E+001
0,06100 0,08800 2,20452E+001
0,06200 0,08800 3,31828E+001
0,06300 0,08800 2,15616E+001
0,06400 0,08800 3,18647E+001
0,06500 0,08800 2,11224E+001
0,06600 0,08800 3,06577E+001
0,06700 0,08800 2,07335E+001
0,06800 0,08800 2,95694E+001
0,06900 0,08800 2,04128E+001
0,07000 0,08800 2,86140E+001
0,07100 0,08800 2,01795E+001
0,07200 0,08800 2,77970E+001
0,07300 0,08800 2,00261E+001
0,07400 0,08800 2,70627E+001
0,07500 0,08800 1,98298E+001
0,07600 0,08800 2,62921E+001
0,07700 0,08800 1,91662E+001
0,07800 0,08800 2,26813E+001
0,07900 0,08800 2,80167E+001
0,08000 0,08800 2,11329E+001
0,00000 0,08900 9,02889E+002
0,00100 0,08900 7,13314E+002
0,00200 0,08900 1,57292E+002
0,00300 0,08900 2,99668E+002
0,00400 0,08900 7,20083E+001
0,00500 0,08900 2,04787E+002
0,00600 0,08900 4,92512E+001
0,00700 0,08900 1,57867E+002
0,00800 0,08900 4,07217E+001
0,00900 0,08900 1,29832E+002
0,01000 0,08900 3,67316E+001
0,01100 0,08900 1,11169E+002
0,01200 0,08900 3,46491E+001
0,01300 0,08900 9,77883E+001
0,01400 0,08900 3,35515E+001
0,01500 0,08900 8,76575E+001
0,01600 0,08900 3,30332E+001
0,01700 0,08900 7,96707E+001
0,01800 0,08900 3,28715E+001
0,01900 0,08900 7,31895E+001
0,02000 0,08900 3,29210E+001
0,02100 0,08900 6,78255E+001
0,02200 0,08900 3,30819E+001
0,02300 0,08900 6,33253E+001
0,02400 0,08900 3,32921E+001
0,02500 0,08900 5,95108E+001
0,02600 0,08900 3,35197E+001
0,02700 0,08900 5,62536E+001
0,02800 0,08900 3,37515E+001
0,02900 0,08900 5,34627E+001
0,03000 0,08900 3,39818E+001
0,03100 0,08900 5,10704E+001
0,03200 0,08900 3,42039E+001
0,03300 0,08900 4,90121E+001
0,03400 0,08900 3,44018E+001
0,03500 0,08900 4,72139E+001
0,03600 0,08900 3,45480E+001
0,03700 0,08900 4,55984E+001
0,03800 0,08900 3,46142E+001
0,03900 0,08900 4,41069E+001
0,04000 0,08900 3,45887E+001
0,04100 0,08900 4,27138E+001
0,04200 0,08900 3,44808E+001
0,04300 0,08900 4,14172E+001
0,04400 0,08900 3,43107E+001
0,04500 0,08900 4,02178E+001
0,04600 0,08900 3,40977E+001
0,04700 0,08900 3,91083E+001
0,04800 0,08900 3,38574E+001
0,04900 0,08900 3,80748E+001
0,05000 0,08900 3,35992E+001
0,05100 0,08900 3,70913E+001
0,05200 0,08900 3,32941E+001
0,05300 0,08900 3,60587E+001
0,05400 0,08900 3,27753E+001
0,05500 0,08900 3,47177E+001
0,05600 0,08900 3,17615E+001
0,05700 0,08900 3,29040E+001
0,05800 0,08900 3,03581E+001
0,05900 0,08900 3,10570E+001
0,06000 0,08900 2,91644E+001
0,06100 0,08900 2,96487E+001
0,06200 0,08900 2,82875E+001
0,06300 0,08900 2,84793E+001
0,06400 0,08900 2,74622E+001
0,06500 0,08900 2,74180E+001
0,06600 0,08900 2,66905E+001
0,06700 0,08900 2,64834E+001
0,06800 0,08900 2,59645E+001
0,06900 0,08900 2,56318E+001
0,07000 0,08900 2,52244E+001
0,07100 0,08900 2,47588E+001
0,07200 0,08900 2,43704E+001
0,07300 0,08900 2,38098E+001
0,07400 0,08900 2,35029E+001
0,07500 0,08900 2,30420E+001
0,07600 0,08900 2,28377E+001
0,07700 0,08900 2,25242E+001
0,07800 0,08900 2,33919E+001
0,07900 0,08900 1,89750E+001
0,08000 0,08900 3,23153E+001
0,00000 0,09000 1,68863E+003
0,00100 0,09000 -2,47249E+002
0,00200 0,09000 2,91669E+002
0,00300 0,09000 -8,82827E+001
0,00400 0,09000 1,60249E+002
0,00500 0,09000 -3,22227E+001
0,00600 0,09000 9,92922E+001
0,00700 0,09000 5,21697E-001
0,00800 0,09000 6,62343E+001
0,00900 0,09000 1,78319E+001
0,01000 0,09000 4,89619E+001
0,01100 0,09000 2,57223E+001
0,01200 0,09000 4,04236E+001
0,01300 0,09000 2,86614E+001
0,01400 0,09000 3,62676E+001
0,01500 0,09000 2,93914E+001
0,01600 0,09000 3,41191E+001
0,01700 0,09000 2,92982E+001
0,01800 0,09000 3,28450E+001
0,01900 0,09000 2,89714E+001
0,02000 0,09000 3,19606E+001
0,02100 0,09000 2,86215E+001
0,02200 0,09000 3,12723E+001
0,02300 0,09000 2,83075E+001
0,02400 0,09000 3,07015E+001
0,02500 0,09000 2,80380E+001
0,02600 0,09000 3,02110E+001
0,02700 0,09000 2,78063E+001
0,02800 0,09000 2,97788E+001
0,02900 0,09000 2,76022E+001
0,03000 0,09000 2,93906E+001
0,03100 0,09000 2,74160E+001
0,03200 0,09000 2,90384E+001
0,03300 0,09000 2,72451E+001
0,03400 0,09000 2,87222E+001
0,03500 0,09000 2,70964E+001
0,03600 0,09000 2,84483E+001
0,03700 0,09000 2,69819E+001
0,03800 0,09000 2,82240E+001
0,03900 0,09000 2,69086E+001
0,04000 0,09000 2,80494E+001
0,04100 0,09000 2,68724E+001
0,04200 0,09000 2,79161E+001
0,04300 0,09000 2,68615E+001
0,04400 0,09000 2,78126E+001
0,04500 0,09000 2,68650E+001
0,04600 0,09000 2,77290E+001
0,04700 0,09000 2,68774E+001
0,04800 0,09000 2,76577E+001
0,04900 0,09000 2,68972E+001
0,05000 0,09000 2,75941E+001
0,05100 0,09000 2,69281E+001
0,05200 0,09000 2,75454E+001
0,05300 0,09000 2,69961E+001
0,05400 0,09000 2,75587E+001
0,05500 0,09000 2,71691E+001
0,05600 0,09000 2,77005E+001
0,05700 0,09000 2,74620E+001
0,05800 0,09000 2,78950E+001
0,05900 0,09000 2,76946E+001
0,06000 0,09000 2,79318E+001
0,06100 0,09000 2,77204E+001
0,06200 0,09000 2,78034E+001
0,06300 0,09000 2,76309E+001
0,06400 0,09000 2,76155E+001
0,06500 0,09000 2,74758E+001
0,06600 0,09000 2,73734E+001
0,06700 0,09000 2,72531E+001
0,06800 0,09000 2,70865E+001
0,06900 0,09000 2,69809E+001
0,07000 0,09000 2,67774E+001
0,07100 0,09000 2,67051E+001
0,07200 0,09000 2,65073E+001
0,07300 0,09000 2,62838E+001
0,07400 0,09000 2,53607E+001
0,07500 0,09000 2,40465E+001
0,07600 0,09000 2,28721E+001
0,07700 0,09000 2,24644E+001
0,07800 0,09000 2,09654E+001
0,07900 0,09000 2,44574E+001
0,08000 0,09000 1,76661E+001